global_scope,comparison_mode,topic_id,metric_id,sample_id,n_focal_model_universe,n_reportable_focal_models,n_limited_focal_models,n_headline_focal_models,median_spearman,q25_spearman,q75_spearman,min_spearman,max_spearman,fraction_negative_spearman,median_defined_partners,mean_dependent_top_jaccard,mean_complementary_top_jaccard,reason,interpretation_status
official_full,leave_topic_out,climate_weather,adjusted_pog,near_bi_both,70,0,0,0,,,,,,,,,,reportable_focal_model_count_0_below_reporting_min_30,insufficient
official_full,leave_topic_out,climate_weather,high_loss_lift,near_bi_both,70,0,0,0,,,,,,,,,,reportable_focal_model_count_0_below_reporting_min_30,insufficient
official_full,leave_topic_out,climate_weather,adjusted_loss_corr,near_bi_both,70,0,0,0,,,,,,,,,,reportable_focal_model_count_0_below_reporting_min_30,insufficient
official_full,leave_topic_out,climate_weather,total_variation,near_bi_both,70,0,0,0,,,,,,,,,,reportable_focal_model_count_0_below_reporting_min_30,insufficient
official_full,leave_topic_out,climate_weather,adjusted_pog,eligible_both,70,41,41,0,0.4078260869565217,0.17118768328445744,0.6304347826086957,-0.04707170224411604,0.8333333333333335,0.04878048780487805,28.0,0.2765812356731595,0.3946254924734121,,limited
official_full,leave_topic_out,climate_weather,high_loss_lift,eligible_both,70,41,41,0,0.47496947496947506,0.2862616310892173,0.6192513368983957,-0.09584859584859586,0.7806451612903226,0.0975609756097561,28.0,0.32304930841516205,0.331393944808579,,limited
official_full,leave_topic_out,climate_weather,adjusted_loss_corr,eligible_both,70,41,41,0,0.41697191697191704,0.13014460511679646,0.5399193548387097,-0.18461538461538465,0.786290322580645,0.12195121951219512,28.0,0.33085390575762846,0.28727705074470716,,limited
official_full,leave_topic_out,climate_weather,total_variation,eligible_both,70,41,41,0,0.6337976539589442,0.32660098522167486,0.7606837606837608,-0.24053724053724057,0.894758064516129,0.04878048780487805,28.0,0.402409992257623,0.4253762977796019,,limited
official_full,leave_topic_out,entertainment_culture,adjusted_pog,near_bi_both,70,0,0,0,,,,,,,,,,reportable_focal_model_count_0_below_reporting_min_30,insufficient
official_full,leave_topic_out,entertainment_culture,high_loss_lift,near_bi_both,70,0,0,0,,,,,,,,,,reportable_focal_model_count_0_below_reporting_min_30,insufficient
official_full,leave_topic_out,entertainment_culture,adjusted_loss_corr,near_bi_both,70,0,0,0,,,,,,,,,,reportable_focal_model_count_0_below_reporting_min_30,insufficient
official_full,leave_topic_out,entertainment_culture,total_variation,near_bi_both,70,0,0,0,,,,,,,,,,reportable_focal_model_count_0_below_reporting_min_30,insufficient
official_full,leave_topic_out,entertainment_culture,adjusted_pog,eligible_both,70,0,0,0,,,,,,,,,,reportable_focal_model_count_0_below_reporting_min_30,insufficient
official_full,leave_topic_out,entertainment_culture,high_loss_lift,eligible_both,70,0,0,0,,,,,,,,,,reportable_focal_model_count_0_below_reporting_min_30,insufficient
official_full,leave_topic_out,entertainment_culture,adjusted_loss_corr,eligible_both,70,0,0,0,,,,,,,,,,reportable_focal_model_count_0_below_reporting_min_30,insufficient
official_full,leave_topic_out,entertainment_culture,total_variation,eligible_both,70,0,0,0,,,,,,,,,,reportable_focal_model_count_0_below_reporting_min_30,insufficient
official_full,leave_topic_out,finance_economics,adjusted_pog,near_bi_both,70,0,0,0,,,,,,,,,,reportable_focal_model_count_0_below_reporting_min_30,insufficient
official_full,leave_topic_out,finance_economics,high_loss_lift,near_bi_both,70,0,0,0,,,,,,,,,,reportable_focal_model_count_0_below_reporting_min_30,insufficient
official_full,leave_topic_out,finance_economics,adjusted_loss_corr,near_bi_both,70,0,0,0,,,,,,,,,,reportable_focal_model_count_0_below_reporting_min_30,insufficient
official_full,leave_topic_out,finance_economics,total_variation,near_bi_both,70,0,0,0,,,,,,,,,,reportable_focal_model_count_0_below_reporting_min_30,insufficient
official_full,leave_topic_out,finance_economics,adjusted_pog,eligible_both,70,41,41,0,0.3886540600667409,0.23517786561264822,0.5256410256410257,-0.1264407069068556,0.74,0.14634146341463414,28.0,0.29341938936458106,0.2847853055600545,,limited
official_full,leave_topic_out,finance_economics,high_loss_lift,eligible_both,70,41,41,0,0.3383458646616541,0.13217391304347825,0.6755621654224273,-0.2826086956521739,0.8453201970443349,0.12195121951219512,28.0,0.36348691958448054,0.2847959275318766,,limited
official_full,leave_topic_out,finance_economics,adjusted_loss_corr,eligible_both,70,41,41,0,0.4502001143510577,0.19043478260869565,0.6932330827067669,-0.07707509881422925,0.8760997067448679,0.04878048780487805,28.0,0.3683614488492537,0.2884182978562618,,limited
official_full,leave_topic_out,finance_economics,total_variation,eligible_both,70,41,41,0,0.613212669683258,0.3730158730158731,0.731304347826087,0.006896551724137931,0.8853754940711462,0.0,28.0,0.3915421976397586,0.38656167680557924,,limited
official_full,leave_topic_out,health_science,adjusted_pog,near_bi_both,70,0,0,0,,,,,,,,,,reportable_focal_model_count_0_below_reporting_min_30,insufficient
official_full,leave_topic_out,health_science,high_loss_lift,near_bi_both,70,0,0,0,,,,,,,,,,reportable_focal_model_count_0_below_reporting_min_30,insufficient
official_full,leave_topic_out,health_science,adjusted_loss_corr,near_bi_both,70,0,0,0,,,,,,,,,,reportable_focal_model_count_0_below_reporting_min_30,insufficient
official_full,leave_topic_out,health_science,total_variation,near_bi_both,70,0,0,0,,,,,,,,,,reportable_focal_model_count_0_below_reporting_min_30,insufficient
official_full,leave_topic_out,health_science,adjusted_pog,eligible_both,70,41,41,0,0.07792942276575233,-0.15372636262513908,0.3858784893267652,-0.5114263638827617,0.531924360400445,0.3902439024390244,28.0,0.18785715922259758,0.23085168219314559,,limited
official_full,leave_topic_out,health_science,high_loss_lift,eligible_both,70,21,21,0,,,,,,,,,,reportable_focal_model_count_21_below_reporting_min_30,insufficient
official_full,leave_topic_out,health_science,adjusted_loss_corr,eligible_both,70,41,41,0,0.28571428571428575,0.09279609279609281,0.39080459770114945,-0.21112347052280317,0.7007518796992481,0.17073170731707318,28.0,0.25871865262109167,0.23308216174069832,,limited
official_full,leave_topic_out,health_science,total_variation,eligible_both,70,41,41,0,0.5883962780514506,0.4017094017094018,0.7183794466403162,-0.5533661740558293,0.8387096774193546,0.024390243902439025,28.0,0.34795188408795596,0.3923877506034117,,limited
official_full,leave_topic_out,politics_conflict,adjusted_pog,near_bi_both,70,0,0,0,,,,,,,,,,reportable_focal_model_count_0_below_reporting_min_30,insufficient
official_full,leave_topic_out,politics_conflict,high_loss_lift,near_bi_both,70,0,0,0,,,,,,,,,,reportable_focal_model_count_0_below_reporting_min_30,insufficient
official_full,leave_topic_out,politics_conflict,adjusted_loss_corr,near_bi_both,70,0,0,0,,,,,,,,,,reportable_focal_model_count_0_below_reporting_min_30,insufficient
official_full,leave_topic_out,politics_conflict,total_variation,near_bi_both,70,0,0,0,,,,,,,,,,reportable_focal_model_count_0_below_reporting_min_30,insufficient
official_full,leave_topic_out,politics_conflict,adjusted_pog,eligible_both,70,41,41,0,0.45974558183215225,0.29901477832512313,0.5878489326765189,-0.02258852258852259,0.6805339265850947,0.04878048780487805,28.0,0.3126625264622697,0.34041971436066426,,limited
official_full,leave_topic_out,politics_conflict,high_loss_lift,eligible_both,70,41,41,0,0.47564313081554466,0.2515262515262516,0.653170359052712,-0.12942612942612944,0.8165103189493433,0.07317073170731707,28.0,0.34894877161735127,0.3237849940674074,,limited
official_full,leave_topic_out,politics_conflict,adjusted_loss_corr,eligible_both,70,41,41,0,0.4181718664477286,0.1684981684981685,0.5867542419266558,-0.1383399209486166,0.8533724340175952,0.07317073170731707,28.0,0.37233639148990655,0.27866926968339034,,limited
official_full,leave_topic_out,politics_conflict,total_variation,eligible_both,70,41,41,0,0.6410256410256411,0.4980237154150198,0.7429792429792431,-0.12332112332112334,0.8466165413533835,0.024390243902439025,28.0,0.4189835125650273,0.41744987164831615,,limited
official_full,leave_topic_out,sports,adjusted_pog,near_bi_both,70,0,0,0,,,,,,,,,,reportable_focal_model_count_0_below_reporting_min_30,insufficient
official_full,leave_topic_out,sports,high_loss_lift,near_bi_both,70,0,0,0,,,,,,,,,,reportable_focal_model_count_0_below_reporting_min_30,insufficient
official_full,leave_topic_out,sports,adjusted_loss_corr,near_bi_both,70,0,0,0,,,,,,,,,,reportable_focal_model_count_0_below_reporting_min_30,insufficient
official_full,leave_topic_out,sports,total_variation,near_bi_both,70,0,0,0,,,,,,,,,,reportable_focal_model_count_0_below_reporting_min_30,insufficient
official_full,leave_topic_out,sports,adjusted_pog,eligible_both,70,41,41,0,0.40541871921182265,0.19655172413793104,0.6,-0.3995621237000548,0.7608695652173914,0.17073170731707318,28.0,0.29052377646819666,0.2993092259331027,,limited
official_full,leave_topic_out,sports,high_loss_lift,eligible_both,70,41,41,0,0.3578079724178624,0.19932306787545462,0.483358206035047,-0.04996876966605568,0.7139583936135429,0.04878048780487805,28.0,0.3187015167117863,0.2748055859416578,,limited
official_full,leave_topic_out,sports,adjusted_loss_corr,eligible_both,70,41,41,0,0.4793103448275862,0.2680756395995551,0.612942612942613,-0.16440489432703007,0.9050586510263928,0.04878048780487805,28.0,0.40007456905818306,0.29654545996009407,,limited
official_full,leave_topic_out,sports,total_variation,eligible_both,70,41,41,0,0.6842105263157895,0.45369458128078816,0.8273637374860958,-0.06173913043478261,0.8986568986568988,0.024390243902439025,28.0,0.4321956890634683,0.45687079539303355,,limited
official_full,leave_topic_out,technology_ai,adjusted_pog,near_bi_both,70,0,0,0,,,,,,,,,,reportable_focal_model_count_0_below_reporting_min_30,insufficient
official_full,leave_topic_out,technology_ai,high_loss_lift,near_bi_both,70,0,0,0,,,,,,,,,,reportable_focal_model_count_0_below_reporting_min_30,insufficient
official_full,leave_topic_out,technology_ai,adjusted_loss_corr,near_bi_both,70,0,0,0,,,,,,,,,,reportable_focal_model_count_0_below_reporting_min_30,insufficient
official_full,leave_topic_out,technology_ai,total_variation,near_bi_both,70,0,0,0,,,,,,,,,,reportable_focal_model_count_0_below_reporting_min_30,insufficient
official_full,leave_topic_out,technology_ai,adjusted_pog,eligible_both,70,3,3,0,,,,,,,,,,reportable_focal_model_count_3_below_reporting_min_30,insufficient
official_full,leave_topic_out,technology_ai,high_loss_lift,eligible_both,70,3,3,0,,,,,,,,,,reportable_focal_model_count_3_below_reporting_min_30,insufficient
official_full,leave_topic_out,technology_ai,adjusted_loss_corr,eligible_both,70,3,3,0,,,,,,,,,,reportable_focal_model_count_3_below_reporting_min_30,insufficient
official_full,leave_topic_out,technology_ai,total_variation,eligible_both,70,3,3,0,,,,,,,,,,reportable_focal_model_count_3_below_reporting_min_30,insufficient
official_full,inclusive_global,climate_weather,adjusted_pog,near_bi_both,70,0,0,0,,,,,,,,,,reportable_focal_model_count_0_below_reporting_min_30,insufficient
official_full,inclusive_global,climate_weather,high_loss_lift,near_bi_both,70,0,0,0,,,,,,,,,,reportable_focal_model_count_0_below_reporting_min_30,insufficient
official_full,inclusive_global,climate_weather,adjusted_loss_corr,near_bi_both,70,0,0,0,,,,,,,,,,reportable_focal_model_count_0_below_reporting_min_30,insufficient
official_full,inclusive_global,climate_weather,total_variation,near_bi_both,70,0,0,0,,,,,,,,,,reportable_focal_model_count_0_below_reporting_min_30,insufficient
official_full,inclusive_global,climate_weather,adjusted_pog,eligible_both,70,41,41,0,0.7472747497219134,0.49310344827586206,0.8521739130434782,0.18883415435139575,0.9279609279609281,0.0,28.0,0.380231000928728,0.5852443400525406,,limited
official_full,inclusive_global,climate_weather,high_loss_lift,eligible_both,70,41,41,0,0.6756395995550614,0.49826086956521737,0.7909880619910589,-0.032858712484916515,0.8972218504714219,0.024390243902439025,28.0,0.4238690563465916,0.4520346543302067,,limited
official_full,inclusive_global,climate_weather,adjusted_loss_corr,eligible_both,70,41,41,0,0.6843478260869565,0.5478927203065135,0.7843478260869565,0.13636363636363635,0.8734912146676852,0.0,28.0,0.47527775906542047,0.43164044627459264,,limited
official_full,inclusive_global,climate_weather,total_variation,eligible_both,70,41,41,0,0.8328495034377388,0.6211822660098523,0.8764822134387352,0.3391304347826087,0.9368421052631579,0.0,28.0,0.5041619308477271,0.5676855664660543,,limited
official_full,inclusive_global,entertainment_culture,adjusted_pog,near_bi_both,70,0,0,0,,,,,,,,,,reportable_focal_model_count_0_below_reporting_min_30,insufficient
official_full,inclusive_global,entertainment_culture,high_loss_lift,near_bi_both,70,0,0,0,,,,,,,,,,reportable_focal_model_count_0_below_reporting_min_30,insufficient
official_full,inclusive_global,entertainment_culture,adjusted_loss_corr,near_bi_both,70,0,0,0,,,,,,,,,,reportable_focal_model_count_0_below_reporting_min_30,insufficient
official_full,inclusive_global,entertainment_culture,total_variation,near_bi_both,70,0,0,0,,,,,,,,,,reportable_focal_model_count_0_below_reporting_min_30,insufficient
official_full,inclusive_global,entertainment_culture,adjusted_pog,eligible_both,70,0,0,0,,,,,,,,,,reportable_focal_model_count_0_below_reporting_min_30,insufficient
official_full,inclusive_global,entertainment_culture,high_loss_lift,eligible_both,70,0,0,0,,,,,,,,,,reportable_focal_model_count_0_below_reporting_min_30,insufficient
official_full,inclusive_global,entertainment_culture,adjusted_loss_corr,eligible_both,70,0,0,0,,,,,,,,,,reportable_focal_model_count_0_below_reporting_min_30,insufficient
official_full,inclusive_global,entertainment_culture,total_variation,eligible_both,70,0,0,0,,,,,,,,,,reportable_focal_model_count_0_below_reporting_min_30,insufficient
official_full,inclusive_global,finance_economics,adjusted_pog,near_bi_both,70,0,0,0,,,,,,,,,,reportable_focal_model_count_0_below_reporting_min_30,insufficient
official_full,inclusive_global,finance_economics,high_loss_lift,near_bi_both,70,0,0,0,,,,,,,,,,reportable_focal_model_count_0_below_reporting_min_30,insufficient
official_full,inclusive_global,finance_economics,adjusted_loss_corr,near_bi_both,70,0,0,0,,,,,,,,,,reportable_focal_model_count_0_below_reporting_min_30,insufficient
official_full,inclusive_global,finance_economics,total_variation,near_bi_both,70,0,0,0,,,,,,,,,,reportable_focal_model_count_0_below_reporting_min_30,insufficient
official_full,inclusive_global,finance_economics,adjusted_pog,eligible_both,70,41,41,0,0.7124505928853755,0.6098901098901099,0.8009768009768011,0.0791304347826087,0.9293233082706767,0.0,28.0,0.47512136021914775,0.4083179104388012,,limited
official_full,inclusive_global,finance_economics,high_loss_lift,eligible_both,70,41,41,0,0.7408695652173913,0.4833059660645868,0.8557312252964426,-0.12648221343873517,0.9340175953079177,0.024390243902439025,28.0,0.5406453860184133,0.41456919790756536,,limited
official_full,inclusive_global,finance_economics,adjusted_loss_corr,eligible_both,70,41,41,0,0.6822660098522167,0.4678260869565217,0.8266178266178267,0.11190211345939935,0.9490469208211142,0.0,28.0,0.4682343971817656,0.4058279119254729,,limited
official_full,inclusive_global,finance_economics,total_variation,eligible_both,70,41,41,0,0.7575259989053094,0.6445969125214408,0.8330827067669173,0.3948832035595106,0.9456521739130435,0.0,28.0,0.5164192955894232,0.4935119638849911,,limited
official_full,inclusive_global,health_science,adjusted_pog,near_bi_both,70,0,0,0,,,,,,,,,,reportable_focal_model_count_0_below_reporting_min_30,insufficient
official_full,inclusive_global,health_science,high_loss_lift,near_bi_both,70,0,0,0,,,,,,,,,,reportable_focal_model_count_0_below_reporting_min_30,insufficient
official_full,inclusive_global,health_science,adjusted_loss_corr,near_bi_both,70,0,0,0,,,,,,,,,,reportable_focal_model_count_0_below_reporting_min_30,insufficient
official_full,inclusive_global,health_science,total_variation,near_bi_both,70,0,0,0,,,,,,,,,,reportable_focal_model_count_0_below_reporting_min_30,insufficient
official_full,inclusive_global,health_science,adjusted_pog,eligible_both,70,41,41,0,0.10777058279370953,-0.12436040044493885,0.39926739926739935,-0.49454432857012687,0.5363737486095663,0.34146341463414637,28.0,0.19651029470500136,0.2270576442527662,,limited
official_full,inclusive_global,health_science,high_loss_lift,eligible_both,70,21,21,0,,,,,,,,,,reportable_focal_model_count_21_below_reporting_min_30,insufficient
official_full,inclusive_global,health_science,adjusted_loss_corr,eligible_both,70,41,41,0,0.3439024390243902,0.15194660734149057,0.4012041598248495,-0.17018909899888768,0.803448275862069,0.0975609756097561,28.0,0.2814092411653387,0.2320909481580911,,limited
official_full,inclusive_global,health_science,total_variation,eligible_both,70,41,41,0,0.6191304347826087,0.4980237154150198,0.7709193245778612,-0.4209085933223865,0.9052631578947369,0.024390243902439025,28.0,0.38523790094808746,0.4442146487340175,,limited
official_full,inclusive_global,politics_conflict,adjusted_pog,near_bi_both,70,0,0,0,,,,,,,,,,reportable_focal_model_count_0_below_reporting_min_30,insufficient
official_full,inclusive_global,politics_conflict,high_loss_lift,near_bi_both,70,0,0,0,,,,,,,,,,reportable_focal_model_count_0_below_reporting_min_30,insufficient
official_full,inclusive_global,politics_conflict,adjusted_loss_corr,near_bi_both,70,0,0,0,,,,,,,,,,reportable_focal_model_count_0_below_reporting_min_30,insufficient
official_full,inclusive_global,politics_conflict,total_variation,near_bi_both,70,0,0,0,,,,,,,,,,reportable_focal_model_count_0_below_reporting_min_30,insufficient
official_full,inclusive_global,politics_conflict,adjusted_pog,eligible_both,70,41,41,0,0.6055003819709702,0.4339130434782609,0.7173382173382175,0.08429118773946362,0.8479853479853481,0.0,28.0,0.3975652897196354,0.41200341185993977,,limited
official_full,inclusive_global,politics_conflict,high_loss_lift,eligible_both,70,41,41,0,0.6307087440057425,0.5095652173913043,0.7814407814407816,0.13553113553113555,0.8913043478260869,0.0,28.0,0.45525578987785437,0.4286674269457627,,limited
official_full,inclusive_global,politics_conflict,adjusted_loss_corr,eligible_both,70,41,41,0,0.5878489326765189,0.49130434782608695,0.7412757973733584,0.043478260869565216,0.9034782608695652,0.0,28.0,0.4337705570960876,0.3861590950015023,,limited
official_full,inclusive_global,politics_conflict,total_variation,eligible_both,70,41,41,0,0.7844932844932846,0.6531620553359684,0.838827838827839,0.2484737484737485,0.929064039408867,0.0,28.0,0.5338755122565437,0.5124406161350207,,limited
official_full,inclusive_global,sports,adjusted_pog,near_bi_both,70,0,0,0,,,,,,,,,,reportable_focal_model_count_0_below_reporting_min_30,insufficient
official_full,inclusive_global,sports,high_loss_lift,near_bi_both,70,0,0,0,,,,,,,,,,reportable_focal_model_count_0_below_reporting_min_30,insufficient
official_full,inclusive_global,sports,adjusted_loss_corr,near_bi_both,70,0,0,0,,,,,,,,,,reportable_focal_model_count_0_below_reporting_min_30,insufficient
official_full,inclusive_global,sports,total_variation,near_bi_both,70,0,0,0,,,,,,,,,,reportable_focal_model_count_0_below_reporting_min_30,insufficient
official_full,inclusive_global,sports,adjusted_pog,eligible_both,70,41,41,0,0.5157894736842106,0.36354679802955664,0.6726874657909141,-0.2974308300395257,0.8211462450592886,0.12195121951219512,28.0,0.3407453617640131,0.33528025776232373,,limited
official_full,inclusive_global,sports,high_loss_lift,eligible_both,70,41,41,0,0.5155993431855501,0.3798420727437909,0.6115399758654538,-0.03112090040605222,0.8035927079850506,0.04878048780487805,28.0,0.37046650774280465,0.3485619951545346,,limited
official_full,inclusive_global,sports,adjusted_loss_corr,eligible_both,70,41,41,0,0.5973913043478261,0.45553359683794464,0.7269565217391304,0.0153503893214683,0.9472140762463341,0.0,28.0,0.4428872976218744,0.3929150795004454,,limited
official_full,inclusive_global,sports,total_variation,eligible_both,70,41,41,0,0.7503052503052504,0.5428571428571428,0.8776418242491659,0.17739130434782607,0.9267399267399269,0.0,28.0,0.5220597034083405,0.5091805890586378,,limited
official_full,inclusive_global,technology_ai,adjusted_pog,near_bi_both,70,0,0,0,,,,,,,,,,reportable_focal_model_count_0_below_reporting_min_30,insufficient
official_full,inclusive_global,technology_ai,high_loss_lift,near_bi_both,70,0,0,0,,,,,,,,,,reportable_focal_model_count_0_below_reporting_min_30,insufficient
official_full,inclusive_global,technology_ai,adjusted_loss_corr,near_bi_both,70,0,0,0,,,,,,,,,,reportable_focal_model_count_0_below_reporting_min_30,insufficient
official_full,inclusive_global,technology_ai,total_variation,near_bi_both,70,0,0,0,,,,,,,,,,reportable_focal_model_count_0_below_reporting_min_30,insufficient
official_full,inclusive_global,technology_ai,adjusted_pog,eligible_both,70,3,3,0,,,,,,,,,,reportable_focal_model_count_3_below_reporting_min_30,insufficient
official_full,inclusive_global,technology_ai,high_loss_lift,eligible_both,70,3,3,0,,,,,,,,,,reportable_focal_model_count_3_below_reporting_min_30,insufficient
official_full,inclusive_global,technology_ai,adjusted_loss_corr,eligible_both,70,3,3,0,,,,,,,,,,reportable_focal_model_count_3_below_reporting_min_30,insufficient
official_full,inclusive_global,technology_ai,total_variation,eligible_both,70,3,3,0,,,,,,,,,,reportable_focal_model_count_3_below_reporting_min_30,insufficient
seven_topic_union,leave_topic_out,climate_weather,adjusted_pog,near_bi_both,70,0,0,0,,,,,,,,,,reportable_focal_model_count_0_below_reporting_min_30,insufficient
seven_topic_union,leave_topic_out,climate_weather,high_loss_lift,near_bi_both,70,0,0,0,,,,,,,,,,reportable_focal_model_count_0_below_reporting_min_30,insufficient
seven_topic_union,leave_topic_out,climate_weather,adjusted_loss_corr,near_bi_both,70,0,0,0,,,,,,,,,,reportable_focal_model_count_0_below_reporting_min_30,insufficient
seven_topic_union,leave_topic_out,climate_weather,total_variation,near_bi_both,70,0,0,0,,,,,,,,,,reportable_focal_model_count_0_below_reporting_min_30,insufficient
seven_topic_union,leave_topic_out,climate_weather,adjusted_pog,eligible_both,70,41,41,0,0.4169595110771581,0.15980573543015728,0.5995115995115996,-0.05199781061850028,0.8112648221343873,0.024390243902439025,28.0,0.28177729447473265,0.38008813281410125,,limited
seven_topic_union,leave_topic_out,climate_weather,high_loss_lift,eligible_both,70,41,41,0,0.4496240601503759,0.2766798418972332,0.6187683284457477,-0.011741683252130342,0.7967741935483871,0.024390243902439025,28.0,0.328976550478476,0.32026672514477394,,limited
seven_topic_union,leave_topic_out,climate_weather,adjusted_loss_corr,eligible_both,70,41,41,0,0.4181718664477286,0.13771023648937075,0.524812030075188,-0.23122529644268774,0.785190615835777,0.07317073170731707,28.0,0.32823351801528955,0.2814944511126908,,limited
seven_topic_union,leave_topic_out,climate_weather,total_variation,eligible_both,70,41,41,0,0.6514041514041515,0.341642843529636,0.7704347826086957,-0.24969474969474972,0.8991935483870968,0.07317073170731707,28.0,0.40403600851778565,0.4342925847446694,,limited
seven_topic_union,leave_topic_out,entertainment_culture,adjusted_pog,near_bi_both,70,0,0,0,,,,,,,,,,reportable_focal_model_count_0_below_reporting_min_30,insufficient
seven_topic_union,leave_topic_out,entertainment_culture,high_loss_lift,near_bi_both,70,0,0,0,,,,,,,,,,reportable_focal_model_count_0_below_reporting_min_30,insufficient
seven_topic_union,leave_topic_out,entertainment_culture,adjusted_loss_corr,near_bi_both,70,0,0,0,,,,,,,,,,reportable_focal_model_count_0_below_reporting_min_30,insufficient
seven_topic_union,leave_topic_out,entertainment_culture,total_variation,near_bi_both,70,0,0,0,,,,,,,,,,reportable_focal_model_count_0_below_reporting_min_30,insufficient
seven_topic_union,leave_topic_out,entertainment_culture,adjusted_pog,eligible_both,70,0,0,0,,,,,,,,,,reportable_focal_model_count_0_below_reporting_min_30,insufficient
seven_topic_union,leave_topic_out,entertainment_culture,high_loss_lift,eligible_both,70,0,0,0,,,,,,,,,,reportable_focal_model_count_0_below_reporting_min_30,insufficient
seven_topic_union,leave_topic_out,entertainment_culture,adjusted_loss_corr,eligible_both,70,0,0,0,,,,,,,,,,reportable_focal_model_count_0_below_reporting_min_30,insufficient
seven_topic_union,leave_topic_out,entertainment_culture,total_variation,eligible_both,70,0,0,0,,,,,,,,,,reportable_focal_model_count_0_below_reporting_min_30,insufficient
seven_topic_union,leave_topic_out,finance_economics,adjusted_pog,near_bi_both,70,0,0,0,,,,,,,,,,reportable_focal_model_count_0_below_reporting_min_30,insufficient
seven_topic_union,leave_topic_out,finance_economics,high_loss_lift,near_bi_both,70,0,0,0,,,,,,,,,,reportable_focal_model_count_0_below_reporting_min_30,insufficient
seven_topic_union,leave_topic_out,finance_economics,adjusted_loss_corr,near_bi_both,70,0,0,0,,,,,,,,,,reportable_focal_model_count_0_below_reporting_min_30,insufficient
seven_topic_union,leave_topic_out,finance_economics,total_variation,near_bi_both,70,0,0,0,,,,,,,,,,reportable_focal_model_count_0_below_reporting_min_30,insufficient
seven_topic_union,leave_topic_out,finance_economics,adjusted_pog,eligible_both,70,41,41,0,0.3852216748768473,0.19868035190615832,0.5424192665571976,-0.14812601383078627,0.7443478260869565,0.14634146341463414,28.0,0.28620996746799054,0.2664678506572337,,limited
seven_topic_union,leave_topic_out,finance_economics,high_loss_lift,eligible_both,70,41,41,0,0.4504652435686919,0.1384783798576902,0.6538375973303672,-0.29545454545454547,0.8369060471705132,0.0975609756097561,28.0,0.3780215861730624,0.2964476668612406,,limited
seven_topic_union,leave_topic_out,finance_economics,adjusted_loss_corr,eligible_both,70,41,41,0,0.42612942612942617,0.18608695652173912,0.6622914349276976,-0.09543937708565074,0.8885630498533723,0.04878048780487805,28.0,0.3718876975504759,0.26785978249392883,,limited
seven_topic_union,leave_topic_out,finance_economics,total_variation,eligible_both,70,41,41,0,0.5988235294117648,0.35103785103785107,0.7147826086956521,0.014285714285714285,0.8913043478260869,0.0,28.0,0.39048458316751,0.3921919543870763,,limited
seven_topic_union,leave_topic_out,health_science,adjusted_pog,near_bi_both,70,0,0,0,,,,,,,,,,reportable_focal_model_count_0_below_reporting_min_30,insufficient
seven_topic_union,leave_topic_out,health_science,high_loss_lift,near_bi_both,70,0,0,0,,,,,,,,,,reportable_focal_model_count_0_below_reporting_min_30,insufficient
seven_topic_union,leave_topic_out,health_science,adjusted_loss_corr,near_bi_both,70,0,0,0,,,,,,,,,,reportable_focal_model_count_0_below_reporting_min_30,insufficient
seven_topic_union,leave_topic_out,health_science,total_variation,near_bi_both,70,0,0,0,,,,,,,,,,reportable_focal_model_count_0_below_reporting_min_30,insufficient
seven_topic_union,leave_topic_out,health_science,adjusted_pog,eligible_both,70,41,41,0,0.0818686401480111,-0.1672368976931174,0.3776683087027915,-0.5422112518058018,0.49944382647385993,0.3902439024390244,28.0,0.18173967379830855,0.22217255644084913,,limited
seven_topic_union,leave_topic_out,health_science,high_loss_lift,eligible_both,70,21,21,0,,,,,,,,,,reportable_focal_model_count_21_below_reporting_min_30,insufficient
seven_topic_union,leave_topic_out,health_science,adjusted_loss_corr,eligible_both,70,41,41,0,0.25592885375494073,0.09677419354838712,0.3583638583638584,-0.2209121245828699,0.6902255639097744,0.1951219512195122,28.0,0.25064374178902277,0.20467997984044195,,limited
seven_topic_union,leave_topic_out,health_science,total_variation,eligible_both,70,41,41,0,0.5787586442414411,0.3805504162812211,0.6990231990231991,-0.6190476190476192,0.8449413489736068,0.024390243902439025,28.0,0.34405800304388234,0.38742412201975746,,limited
seven_topic_union,leave_topic_out,politics_conflict,adjusted_pog,near_bi_both,70,0,0,0,,,,,,,,,,reportable_focal_model_count_0_below_reporting_min_30,insufficient
seven_topic_union,leave_topic_out,politics_conflict,high_loss_lift,near_bi_both,70,0,0,0,,,,,,,,,,reportable_focal_model_count_0_below_reporting_min_30,insufficient
seven_topic_union,leave_topic_out,politics_conflict,adjusted_loss_corr,near_bi_both,70,0,0,0,,,,,,,,,,reportable_focal_model_count_0_below_reporting_min_30,insufficient
seven_topic_union,leave_topic_out,politics_conflict,total_variation,near_bi_both,70,0,0,0,,,,,,,,,,reportable_focal_model_count_0_below_reporting_min_30,insufficient
seven_topic_union,leave_topic_out,politics_conflict,adjusted_pog,eligible_both,70,41,41,0,0.4482758620689656,0.26945812807881775,0.5683760683760685,-0.1422924901185771,0.6743047830923249,0.04878048780487805,28.0,0.3191795562811916,0.31999572243474683,,limited
seven_topic_union,leave_topic_out,politics_conflict,high_loss_lift,eligible_both,70,41,41,0,0.441160372194855,0.22135247316053125,0.6070282658517953,-0.20521739130434782,0.801313320825516,0.07317073170731707,28.0,0.3320919190888231,0.30826955628261654,,limited
seven_topic_union,leave_topic_out,politics_conflict,adjusted_loss_corr,eligible_both,70,41,41,0,0.39560439560439564,0.1684981684981685,0.5577308120133483,-0.13142292490118576,0.8511730205278591,0.12195121951219512,28.0,0.3365921341531098,0.24461795514427093,,limited
seven_topic_union,leave_topic_out,politics_conflict,total_variation,eligible_both,70,41,41,0,0.6361416361416362,0.4781954887218045,0.7356532356532357,-0.12332112332112334,0.849624060150376,0.024390243902439025,28.0,0.4078095563221421,0.4133848309979096,,limited
seven_topic_union,leave_topic_out,sports,adjusted_pog,near_bi_both,70,0,0,0,,,,,,,,,,reportable_focal_model_count_0_below_reporting_min_30,insufficient
seven_topic_union,leave_topic_out,sports,high_loss_lift,near_bi_both,70,0,0,0,,,,,,,,,,reportable_focal_model_count_0_below_reporting_min_30,insufficient
seven_topic_union,leave_topic_out,sports,adjusted_loss_corr,near_bi_both,70,0,0,0,,,,,,,,,,reportable_focal_model_count_0_below_reporting_min_30,insufficient
seven_topic_union,leave_topic_out,sports,total_variation,near_bi_both,70,0,0,0,,,,,,,,,,reportable_focal_model_count_0_below_reporting_min_30,insufficient
seven_topic_union,leave_topic_out,sports,adjusted_pog,eligible_both,70,41,41,0,0.3744160177975529,0.20553359683794467,0.5964590964590966,-0.4389709906951287,0.7618577075098815,0.17073170731707318,28.0,0.2910275733664792,0.29072583100824434,,limited
seven_topic_union,leave_topic_out,sports,high_loss_lift,eligible_both,70,41,41,0,0.39031620553359686,0.2655172413793103,0.48519957062946617,-0.08415792785862009,0.7302052785923753,0.04878048780487805,28.0,0.3131516817313087,0.2764885793391419,,limited
seven_topic_union,leave_topic_out,sports,adjusted_loss_corr,eligible_both,70,41,41,0,0.45566502463054187,0.19217391304347825,0.5622710622710624,-0.2840934371523916,0.912023460410557,0.07317073170731707,28.0,0.37920409735330823,0.26551284616111315,,limited
seven_topic_union,leave_topic_out,sports,total_variation,eligible_both,70,41,41,0,0.667887667887668,0.43379446640316205,0.8211345939933261,-0.08695652173913043,0.8913308913308915,0.024390243902439025,28.0,0.43807356528794267,0.4537186629726085,,limited
seven_topic_union,leave_topic_out,technology_ai,adjusted_pog,near_bi_both,70,0,0,0,,,,,,,,,,reportable_focal_model_count_0_below_reporting_min_30,insufficient
seven_topic_union,leave_topic_out,technology_ai,high_loss_lift,near_bi_both,70,0,0,0,,,,,,,,,,reportable_focal_model_count_0_below_reporting_min_30,insufficient
seven_topic_union,leave_topic_out,technology_ai,adjusted_loss_corr,near_bi_both,70,0,0,0,,,,,,,,,,reportable_focal_model_count_0_below_reporting_min_30,insufficient
seven_topic_union,leave_topic_out,technology_ai,total_variation,near_bi_both,70,0,0,0,,,,,,,,,,reportable_focal_model_count_0_below_reporting_min_30,insufficient
seven_topic_union,leave_topic_out,technology_ai,adjusted_pog,eligible_both,70,3,3,0,,,,,,,,,,reportable_focal_model_count_3_below_reporting_min_30,insufficient
seven_topic_union,leave_topic_out,technology_ai,high_loss_lift,eligible_both,70,3,3,0,,,,,,,,,,reportable_focal_model_count_3_below_reporting_min_30,insufficient
seven_topic_union,leave_topic_out,technology_ai,adjusted_loss_corr,eligible_both,70,3,3,0,,,,,,,,,,reportable_focal_model_count_3_below_reporting_min_30,insufficient
seven_topic_union,leave_topic_out,technology_ai,total_variation,eligible_both,70,3,3,0,,,,,,,,,,reportable_focal_model_count_3_below_reporting_min_30,insufficient
seven_topic_union,inclusive_global,climate_weather,adjusted_pog,near_bi_both,70,0,0,0,,,,,,,,,,reportable_focal_model_count_0_below_reporting_min_30,insufficient
seven_topic_union,inclusive_global,climate_weather,high_loss_lift,near_bi_both,70,0,0,0,,,,,,,,,,reportable_focal_model_count_0_below_reporting_min_30,insufficient
seven_topic_union,inclusive_global,climate_weather,adjusted_loss_corr,near_bi_both,70,0,0,0,,,,,,,,,,reportable_focal_model_count_0_below_reporting_min_30,insufficient
seven_topic_union,inclusive_global,climate_weather,total_variation,near_bi_both,70,0,0,0,,,,,,,,,,reportable_focal_model_count_0_below_reporting_min_30,insufficient
seven_topic_union,inclusive_global,climate_weather,adjusted_pog,eligible_both,70,41,41,0,0.7657258064516129,0.5123152709359606,0.86,0.15599343185550085,0.9291819291819293,0.0,28.0,0.3908477127007672,0.5739332376367036,,limited
seven_topic_union,inclusive_global,climate_weather,high_loss_lift,eligible_both,70,41,41,0,0.6788537549407114,0.5546162402669634,0.7871276550502192,0.056955101640521956,0.9090354090354091,0.0,28.0,0.4508894899138801,0.4674727039676201,,limited
seven_topic_union,inclusive_global,climate_weather,adjusted_loss_corr,eligible_both,70,41,41,0,0.7060869565217391,0.5632411067193676,0.7917888563049852,0.12549407114624506,0.9126050420168067,0.0,28.0,0.48325863351914855,0.4554056700928387,,limited
seven_topic_union,inclusive_global,climate_weather,total_variation,eligible_both,70,41,41,0,0.8313681868743049,0.6389162561576355,0.8894993894993897,0.3415435139573071,0.9383064516129033,0.0,28.0,0.5142638562407497,0.5795480941822405,,limited
seven_topic_union,inclusive_global,entertainment_culture,adjusted_pog,near_bi_both,70,0,0,0,,,,,,,,,,reportable_focal_model_count_0_below_reporting_min_30,insufficient
seven_topic_union,inclusive_global,entertainment_culture,high_loss_lift,near_bi_both,70,0,0,0,,,,,,,,,,reportable_focal_model_count_0_below_reporting_min_30,insufficient
seven_topic_union,inclusive_global,entertainment_culture,adjusted_loss_corr,near_bi_both,70,0,0,0,,,,,,,,,,reportable_focal_model_count_0_below_reporting_min_30,insufficient
seven_topic_union,inclusive_global,entertainment_culture,total_variation,near_bi_both,70,0,0,0,,,,,,,,,,reportable_focal_model_count_0_below_reporting_min_30,insufficient
seven_topic_union,inclusive_global,entertainment_culture,adjusted_pog,eligible_both,70,0,0,0,,,,,,,,,,reportable_focal_model_count_0_below_reporting_min_30,insufficient
seven_topic_union,inclusive_global,entertainment_culture,high_loss_lift,eligible_both,70,0,0,0,,,,,,,,,,reportable_focal_model_count_0_below_reporting_min_30,insufficient
seven_topic_union,inclusive_global,entertainment_culture,adjusted_loss_corr,eligible_both,70,0,0,0,,,,,,,,,,reportable_focal_model_count_0_below_reporting_min_30,insufficient
seven_topic_union,inclusive_global,entertainment_culture,total_variation,eligible_both,70,0,0,0,,,,,,,,,,reportable_focal_model_count_0_below_reporting_min_30,insufficient
seven_topic_union,inclusive_global,finance_economics,adjusted_pog,near_bi_both,70,0,0,0,,,,,,,,,,reportable_focal_model_count_0_below_reporting_min_30,insufficient
seven_topic_union,inclusive_global,finance_economics,high_loss_lift,near_bi_both,70,0,0,0,,,,,,,,,,reportable_focal_model_count_0_below_reporting_min_30,insufficient
seven_topic_union,inclusive_global,finance_economics,adjusted_loss_corr,near_bi_both,70,0,0,0,,,,,,,,,,reportable_focal_model_count_0_below_reporting_min_30,insufficient
seven_topic_union,inclusive_global,finance_economics,total_variation,near_bi_both,70,0,0,0,,,,,,,,,,reportable_focal_model_count_0_below_reporting_min_30,insufficient
seven_topic_union,inclusive_global,finance_economics,adjusted_pog,eligible_both,70,41,41,0,0.7099069512862617,0.6025641025641026,0.816348973607038,0.03826086956521739,0.924812030075188,0.0,28.0,0.49321372537033636,0.4175372818532946,,limited
seven_topic_union,inclusive_global,finance_economics,high_loss_lift,eligible_both,70,41,41,0,0.7452173913043478,0.5382384431507606,0.858128078817734,-0.11956521739130435,0.9458646616541353,0.024390243902439025,28.0,0.5611448052983203,0.43562591896428643,,limited
seven_topic_union,inclusive_global,finance_economics,adjusted_loss_corr,eligible_both,70,41,41,0,0.6970443349753694,0.4852173913043478,0.8393770856507232,0.08431590656284763,0.9503759398496241,0.0,28.0,0.47786352144503624,0.40905207330111054,,limited
seven_topic_union,inclusive_global,finance_economics,total_variation,eligible_both,70,41,41,0,0.7389162561576356,0.6471888698303793,0.8406015037593985,0.39176863181312577,0.9436758893280632,0.0,28.0,0.53721082671094,0.4779750617627232,,limited
seven_topic_union,inclusive_global,health_science,adjusted_pog,near_bi_both,70,0,0,0,,,,,,,,,,reportable_focal_model_count_0_below_reporting_min_30,insufficient
seven_topic_union,inclusive_global,health_science,high_loss_lift,near_bi_both,70,0,0,0,,,,,,,,,,reportable_focal_model_count_0_below_reporting_min_30,insufficient
seven_topic_union,inclusive_global,health_science,adjusted_loss_corr,near_bi_both,70,0,0,0,,,,,,,,,,reportable_focal_model_count_0_below_reporting_min_30,insufficient
seven_topic_union,inclusive_global,health_science,total_variation,near_bi_both,70,0,0,0,,,,,,,,,,reportable_focal_model_count_0_below_reporting_min_30,insufficient
seven_topic_union,inclusive_global,health_science,adjusted_pog,eligible_both,70,41,41,0,0.09076323657018544,-0.165047216544926,0.39080459770114945,-0.5293014600961399,0.5061179087875418,0.34146341463414637,28.0,0.19238268931937286,0.22148273136078014,,limited
seven_topic_union,inclusive_global,health_science,high_loss_lift,eligible_both,70,21,21,0,,,,,,,,,,reportable_focal_model_count_21_below_reporting_min_30,insufficient
seven_topic_union,inclusive_global,health_science,adjusted_loss_corr,eligible_both,70,41,41,0,0.2852173913043478,0.1506117908787542,0.3723453017570665,-0.18042269187986656,0.8088669950738916,0.12195121951219512,28.0,0.28014045575021185,0.21812019815870906,,limited
seven_topic_union,inclusive_global,health_science,total_variation,eligible_both,70,41,41,0,0.6071190211345942,0.4876847290640394,0.7667917448405254,-0.46195949644225515,0.9142857142857143,0.024390243902439025,28.0,0.3879631460353351,0.44438927085985913,,limited
seven_topic_union,inclusive_global,politics_conflict,adjusted_pog,near_bi_both,70,0,0,0,,,,,,,,,,reportable_focal_model_count_0_below_reporting_min_30,insufficient
seven_topic_union,inclusive_global,politics_conflict,high_loss_lift,near_bi_both,70,0,0,0,,,,,,,,,,reportable_focal_model_count_0_below_reporting_min_30,insufficient
seven_topic_union,inclusive_global,politics_conflict,adjusted_loss_corr,near_bi_both,70,0,0,0,,,,,,,,,,reportable_focal_model_count_0_below_reporting_min_30,insufficient
seven_topic_union,inclusive_global,politics_conflict,total_variation,near_bi_both,70,0,0,0,,,,,,,,,,reportable_focal_model_count_0_below_reporting_min_30,insufficient
seven_topic_union,inclusive_global,politics_conflict,adjusted_pog,eligible_both,70,41,41,0,0.5712597674861826,0.42096774193548386,0.7131910235358512,0.08429118773946362,0.8443223443223444,0.0,28.0,0.39013959100042317,0.40411416090265295,,limited
seven_topic_union,inclusive_global,politics_conflict,high_loss_lift,eligible_both,70,41,41,0,0.633399209486166,0.46,0.765024630541872,0.11660561660561662,0.9,0.0,28.0,0.41636538011226526,0.4411774244365047,,limited
seven_topic_union,inclusive_global,politics_conflict,adjusted_loss_corr,eligible_both,70,41,41,0,0.5898642533936652,0.4782608695652174,0.7448405253283302,0.01383399209486166,0.9104347826086957,0.0,28.0,0.44426939233252,0.3901214104680087,,limited
seven_topic_union,inclusive_global,politics_conflict,total_variation,eligible_both,70,41,41,0,0.7796092796092797,0.6492094861660079,0.8369963369963371,0.19841269841269843,0.9285714285714286,0.0,28.0,0.5227327825002068,0.507408114761056,,limited
seven_topic_union,inclusive_global,sports,adjusted_pog,near_bi_both,70,0,0,0,,,,,,,,,,reportable_focal_model_count_0_below_reporting_min_30,insufficient
seven_topic_union,inclusive_global,sports,high_loss_lift,near_bi_both,70,0,0,0,,,,,,,,,,reportable_focal_model_count_0_below_reporting_min_30,insufficient
seven_topic_union,inclusive_global,sports,adjusted_loss_corr,near_bi_both,70,0,0,0,,,,,,,,,,reportable_focal_model_count_0_below_reporting_min_30,insufficient
seven_topic_union,inclusive_global,sports,total_variation,near_bi_both,70,0,0,0,,,,,,,,,,reportable_focal_model_count_0_below_reporting_min_30,insufficient
seven_topic_union,inclusive_global,sports,adjusted_pog,eligible_both,70,41,41,0,0.518796992481203,0.32806324110671936,0.6627363737486097,-0.2885375494071146,0.8231225296442688,0.0975609756097561,28.0,0.34679862274834516,0.33301216530335115,,limited
seven_topic_union,inclusive_global,sports,high_loss_lift,eligible_both,70,41,41,0,0.5325175393165356,0.4069199234740413,0.6086917780785065,-0.01797122417814283,0.7975437665243967,0.024390243902439025,28.0,0.35937705854265545,0.34798582176630954,,limited
seven_topic_union,inclusive_global,sports,adjusted_loss_corr,eligible_both,70,41,41,0,0.5966064586754243,0.4774114774114775,0.6965217391304348,-0.0696329254727475,0.9479472140762462,0.024390243902439025,28.0,0.4497512331443465,0.3740511378508811,,limited
seven_topic_union,inclusive_global,sports,total_variation,eligible_both,70,41,41,0,0.747863247863248,0.5306324110671937,0.8763070077864296,0.17565217391304347,0.9249084249084251,0.0,28.0,0.5056307075675799,0.5118413429389039,,limited
seven_topic_union,inclusive_global,technology_ai,adjusted_pog,near_bi_both,70,0,0,0,,,,,,,,,,reportable_focal_model_count_0_below_reporting_min_30,insufficient
seven_topic_union,inclusive_global,technology_ai,high_loss_lift,near_bi_both,70,0,0,0,,,,,,,,,,reportable_focal_model_count_0_below_reporting_min_30,insufficient
seven_topic_union,inclusive_global,technology_ai,adjusted_loss_corr,near_bi_both,70,0,0,0,,,,,,,,,,reportable_focal_model_count_0_below_reporting_min_30,insufficient
seven_topic_union,inclusive_global,technology_ai,total_variation,near_bi_both,70,0,0,0,,,,,,,,,,reportable_focal_model_count_0_below_reporting_min_30,insufficient
seven_topic_union,inclusive_global,technology_ai,adjusted_pog,eligible_both,70,3,3,0,,,,,,,,,,reportable_focal_model_count_3_below_reporting_min_30,insufficient
seven_topic_union,inclusive_global,technology_ai,high_loss_lift,eligible_both,70,3,3,0,,,,,,,,,,reportable_focal_model_count_3_below_reporting_min_30,insufficient
seven_topic_union,inclusive_global,technology_ai,adjusted_loss_corr,eligible_both,70,3,3,0,,,,,,,,,,reportable_focal_model_count_3_below_reporting_min_30,insufficient
seven_topic_union,inclusive_global,technology_ai,total_variation,eligible_both,70,3,3,0,,,,,,,,,,reportable_focal_model_count_3_below_reporting_min_30,insufficient
