global_scope,comparison_mode,topic_id,metric_id,sample_id,n_pair_universe,n_sample_pairs,n_defined_pairs,spearman,pearson,dependent_top_jaccard,complementary_top_jaccard,dependency_persistence_global_to_topic,dependency_persistence_topic_to_global,complementarity_persistence_global_to_topic,complementarity_persistence_topic_to_global,dependency_to_complementarity_global_to_topic,dependency_to_complementarity_topic_to_global,quartile_transition_counts,reason,interpretation_status
official_full,leave_topic_out,climate_weather,adjusted_pog,near_bi_both,34453,1131,1131,0.5631859913630914,0.46105853703392924,0.39408866995073893,0.25,0.5653710247349824,0.5653710247349824,0.3992932862190813,0.40070921985815605,0.053003533568904596,0.06007067137809187,"{""Q1->Q1"":113,""Q1->Q2"":110,""Q1->Q3"":43,""Q1->Q4"":17,""Q2->Q1"":100,""Q2->Q2"":98,""Q2->Q3"":52,""Q2->Q4"":33,""Q3->Q1"":54,""Q3->Q2"":52,""Q3->Q3"":103,""Q3->Q4"":73,""Q4->Q1"":15,""Q4->Q2"":24,""Q4->Q3"":84,""Q4->Q4"":160}",,headline
official_full,leave_topic_out,climate_weather,high_loss_lift,near_bi_both,34453,1131,1131,0.5260891199565649,0.5642007219723109,0.4079601990049751,0.2577777777777778,0.5795053003533569,0.5795053003533569,0.4098939929328622,0.4098939929328622,0.07773851590106007,0.06713780918727916,"{""Q1->Q1"":116,""Q1->Q2"":100,""Q1->Q3"":48,""Q1->Q4"":19,""Q2->Q1"":76,""Q2->Q2"":110,""Q2->Q3"":67,""Q2->Q4"":30,""Q3->Q1"":69,""Q3->Q2"":56,""Q3->Q3"":87,""Q3->Q4"":70,""Q4->Q1"":22,""Q4->Q2"":17,""Q4->Q3"":80,""Q4->Q4"":164}",,headline
official_full,leave_topic_out,climate_weather,adjusted_loss_corr,near_bi_both,34453,1131,1131,0.45059462395746813,0.55788490083892,0.3671497584541063,0.24395604395604395,0.5371024734982333,0.5371024734982333,0.392226148409894,0.392226148409894,0.05653710247349823,0.10247349823321555,"{""Q1->Q1"":111,""Q1->Q2"":81,""Q1->Q3"":62,""Q1->Q4"":29,""Q2->Q1"":97,""Q2->Q2"":78,""Q2->Q3"":70,""Q2->Q4"":38,""Q3->Q1"":59,""Q3->Q2"":82,""Q3->Q3"":77,""Q3->Q4"":64,""Q4->Q1"":16,""Q4->Q2"":42,""Q4->Q3"":73,""Q4->Q4"":152}",,headline
official_full,leave_topic_out,climate_weather,adjusted_pog,eligible_both,34453,11327,11327,0.4040761433575164,0.3437029409435097,0.30057405281285876,0.24156071898290224,0.4622175141242938,0.4622175141242938,0.3891242937853107,0.3891242937853107,0.11334745762711865,0.09357344632768362,"{""Q1->Q1"":1102,""Q1->Q2"":982,""Q1->Q3"":483,""Q1->Q4"":265,""Q2->Q1"":844,""Q2->Q2"":844,""Q2->Q3"":623,""Q2->Q4"":521,""Q3->Q1"":565,""Q3->Q2"":648,""Q3->Q3"":881,""Q3->Q4"":737,""Q4->Q1"":321,""Q4->Q2"":358,""Q4->Q3"":844,""Q4->Q4"":1309}",,headline
official_full,leave_topic_out,climate_weather,high_loss_lift,eligible_both,34453,11327,11327,0.42157797862880625,0.599224601782106,0.37001209189842804,0.2710951526032316,0.5402542372881356,0.5400635368866925,0.4265536723163842,0.4265536723163842,0.1228813559322034,0.08965760677726792,"{""Q1->Q1"":1208,""Q1->Q2"":777,""Q1->Q3"":593,""Q1->Q4"":254,""Q2->Q1"":754,""Q2->Q2"":868,""Q2->Q3"":862,""Q2->Q4"":348,""Q3->Q1"":522,""Q3->Q2"":782,""Q3->Q3"":826,""Q3->Q4"":701,""Q4->Q1"":348,""Q4->Q2"":405,""Q4->Q3"":549,""Q4->Q4"":1530}",,headline
official_full,leave_topic_out,climate_weather,adjusted_loss_corr,eligible_both,34453,11327,11327,0.4091883386137705,0.49529602442697074,0.32607677902621723,0.26146993318485523,0.4918785310734463,0.4917049064595835,0.4145480225988701,0.4145480225988701,0.08968926553672317,0.1263678079774091,"{""Q1->Q1"":1174,""Q1->Q2"":787,""Q1->Q3"":513,""Q1->Q4"":358,""Q2->Q1"":815,""Q2->Q2"":831,""Q2->Q3"":743,""Q2->Q4"":443,""Q3->Q1"":589,""Q3->Q2"":777,""Q3->Q3"":826,""Q3->Q4"":639,""Q4->Q1"":254,""Q4->Q2"":436,""Q4->Q3"":749,""Q4->Q4"":1393}",,headline
seven_topic_union,leave_topic_out,climate_weather,adjusted_pog,near_bi_both,34453,1153,1153,0.5682170279868475,0.48959681469002825,0.391304347826087,0.2675438596491228,0.5625,0.5625,0.42214532871972316,0.42214532871972316,0.041666666666666664,0.059027777777777776,"{""Q1->Q1"":122,""Q1->Q2"":112,""Q1->Q3"":38,""Q1->Q4"":17,""Q2->Q1"":92,""Q2->Q2"":96,""Q2->Q3"":63,""Q2->Q4"":37,""Q3->Q1"":63,""Q3->Q2"":51,""Q3->Q3"":102,""Q3->Q4"":72,""Q4->Q1"":12,""Q4->Q2"":29,""Q4->Q3"":85,""Q4->Q4"":162}",,headline
seven_topic_union,leave_topic_out,climate_weather,high_loss_lift,near_bi_both,34453,1153,1153,0.5273934483131847,0.6143133324666535,0.41075794621026895,0.2681318681318681,0.5833333333333334,0.5813148788927336,0.42214532871972316,0.4236111111111111,0.0798611111111111,0.07612456747404844,"{""Q1->Q1"":122,""Q1->Q2"":101,""Q1->Q3"":44,""Q1->Q4"":22,""Q2->Q1"":81,""Q2->Q2"":111,""Q2->Q3"":69,""Q2->Q4"":27,""Q3->Q1"":62,""Q3->Q2"":61,""Q3->Q3"":93,""Q3->Q4"":72,""Q4->Q1"":23,""Q4->Q2"":16,""Q4->Q3"":81,""Q4->Q4"":168}",,headline
seven_topic_union,leave_topic_out,climate_weather,adjusted_loss_corr,near_bi_both,34453,1153,1153,0.46251924499313307,0.5826194377165687,0.381294964028777,0.25925925925925924,0.5520833333333334,0.5520833333333334,0.4117647058823529,0.4117647058823529,0.04513888888888889,0.09027777777777778,"{""Q1->Q1"":119,""Q1->Q2"":74,""Q1->Q3"":70,""Q1->Q4"":26,""Q2->Q1"":96,""Q2->Q2"":87,""Q2->Q3"":64,""Q2->Q4"":41,""Q3->Q1"":61,""Q3->Q2"":85,""Q3->Q3"":80,""Q3->Q4"":62,""Q4->Q1"":13,""Q4->Q2"":42,""Q4->Q3"":74,""Q4->Q4"":159}",,headline
seven_topic_union,leave_topic_out,climate_weather,adjusted_pog,eligible_both,34453,11327,11327,0.40128453450987667,0.3419727673783867,0.2993805918788713,0.24183293137469852,0.4608050847457627,0.4608050847457627,0.3894774011299435,0.3894774011299435,0.11334745762711865,0.09216101694915255,"{""Q1->Q1"":1103,""Q1->Q2"":986,""Q1->Q3"":482,""Q1->Q4"":261,""Q2->Q1"":835,""Q2->Q2"":839,""Q2->Q3"":624,""Q2->Q4"":534,""Q3->Q1"":573,""Q3->Q2"":648,""Q3->Q3"":878,""Q3->Q4"":732,""Q4->Q1"":321,""Q4->Q2"":359,""Q4->Q3"":847,""Q4->Q4"":1305}",,headline
seven_topic_union,leave_topic_out,climate_weather,high_loss_lift,eligible_both,34453,11327,11327,0.4253444059476772,0.6078385763707069,0.3713386589203583,0.27424071991001125,0.5416666666666666,0.5414754677020825,0.4304378531073446,0.4304378531073446,0.12076271186440678,0.09601129544652312,"{""Q1->Q1"":1219,""Q1->Q2"":773,""Q1->Q3"":568,""Q1->Q4"":272,""Q2->Q1"":751,""Q2->Q2"":877,""Q2->Q3"":857,""Q2->Q4"":347,""Q3->Q1"":520,""Q3->Q2"":769,""Q3->Q3"":862,""Q3->Q4"":680,""Q4->Q1"":342,""Q4->Q2"":413,""Q4->Q3"":543,""Q4->Q4"":1534}",,headline
seven_topic_union,leave_topic_out,climate_weather,adjusted_loss_corr,eligible_both,34453,11327,11327,0.4263890184906867,0.5129117424012933,0.33987701040681173,0.26768128916741274,0.5074152542372882,0.507236145428874,0.422316384180791,0.422316384180791,0.08509887005649718,0.12354394634662902,"{""Q1->Q1"":1196,""Q1->Q2"":800,""Q1->Q3"":486,""Q1->Q4"":350,""Q2->Q1"":821,""Q2->Q2"":828,""Q2->Q3"":764,""Q2->Q4"":419,""Q3->Q1"":574,""Q3->Q2"":790,""Q3->Q3"":840,""Q3->Q4"":627,""Q4->Q1"":241,""Q4->Q2"":413,""Q4->Q3"":741,""Q4->Q4"":1437}",,headline
official_full,leave_topic_out,entertainment_culture,adjusted_pog,near_bi_both,34453,53,53,0.3885663602644735,0.4513729810676285,0.23809523809523808,0.2727272727272727,0.38461538461538464,0.38461538461538464,0.42857142857142855,0.42857142857142855,0.0,0.3076923076923077,"{""Q1->Q1"":6,""Q1->Q2"":3,""Q1->Q3"":1,""Q1->Q4"":4,""Q2->Q1"":5,""Q2->Q2"":3,""Q2->Q3"":5,""Q2->Q4"":0,""Q3->Q1"":3,""Q3->Q2"":3,""Q3->Q3"":3,""Q3->Q4"":4,""Q4->Q1"":0,""Q4->Q2"":4,""Q4->Q3"":4,""Q4->Q4"":5}",,limited
official_full,leave_topic_out,entertainment_culture,high_loss_lift,near_bi_both,34453,53,17,,,,,,,,,,,"{""Q1->Q1"":3,""Q1->Q2"":1,""Q1->Q3"":1,""Q1->Q4"":0,""Q2->Q1"":3,""Q2->Q2"":1,""Q2->Q3"":0,""Q2->Q4"":0,""Q3->Q1"":0,""Q3->Q2"":0,""Q3->Q3"":1,""Q3->Q4"":3,""Q4->Q1"":0,""Q4->Q2"":1,""Q4->Q3"":2,""Q4->Q4"":1}",defined_count_17_below_reporting_min_30,insufficient
official_full,leave_topic_out,entertainment_culture,adjusted_loss_corr,near_bi_both,34453,53,53,0.38155136268343814,0.3179542831461737,0.4444444444444444,0.21739130434782608,0.6153846153846154,0.6153846153846154,0.35714285714285715,0.35714285714285715,0.07692307692307693,0.07692307692307693,"{""Q1->Q1"":5,""Q1->Q2"":5,""Q1->Q3"":3,""Q1->Q4"":1,""Q2->Q1"":4,""Q2->Q2"":4,""Q2->Q3"":3,""Q2->Q4"":2,""Q3->Q1"":4,""Q3->Q2"":3,""Q3->Q3"":4,""Q3->Q4"":2,""Q4->Q1"":1,""Q4->Q2"":1,""Q4->Q3"":3,""Q4->Q4"":8}",,limited
official_full,leave_topic_out,entertainment_culture,adjusted_pog,eligible_both,34453,198,198,0.2790904221151907,0.25407647566725755,0.25,0.26582278481012656,0.4,0.4,0.42,0.42,0.06,0.14,"{""Q1->Q1"":21,""Q1->Q2"":11,""Q1->Q3"":11,""Q1->Q4"":7,""Q2->Q1"":12,""Q2->Q2"":12,""Q2->Q3"":12,""Q2->Q4"":13,""Q3->Q1"":14,""Q3->Q2"":13,""Q3->Q3"":12,""Q3->Q4"":10,""Q4->Q1"":3,""Q4->Q2"":13,""Q4->Q3"":14,""Q4->Q4"":20}",,headline
official_full,leave_topic_out,entertainment_culture,high_loss_lift,eligible_both,34453,198,92,0.5150415308935148,0.28348151932001964,0.29411764705882354,0.4117647058823529,0.43478260869565216,0.47619047619047616,0.6086956521739131,0.56,0.0,0.0,"{""Q1->Q1"":14,""Q1->Q2"":2,""Q1->Q3"":7,""Q1->Q4"":0,""Q2->Q1"":9,""Q2->Q2"":6,""Q2->Q3"":6,""Q2->Q4"":2,""Q3->Q1"":2,""Q3->Q2"":7,""Q3->Q3"":5,""Q3->Q4"":9,""Q4->Q1"":0,""Q4->Q2"":4,""Q4->Q3"":9,""Q4->Q4"":10}",,limited
official_full,leave_topic_out,entertainment_culture,adjusted_loss_corr,eligible_both,34453,198,198,0.11745931627063175,0.07479834309377968,0.19047619047619047,0.17647058823529413,0.32,0.32,0.3,0.3,0.18,0.2,"{""Q1->Q1"":15,""Q1->Q2"":10,""Q1->Q3"":15,""Q1->Q4"":10,""Q2->Q1"":13,""Q2->Q2"":15,""Q2->Q3"":10,""Q2->Q4"":11,""Q3->Q1"":13,""Q3->Q2"":15,""Q3->Q3"":8,""Q3->Q4"":13,""Q4->Q1"":9,""Q4->Q2"":9,""Q4->Q3"":16,""Q4->Q4"":16}",,headline
seven_topic_union,leave_topic_out,entertainment_culture,adjusted_pog,near_bi_both,34453,54,54,0.25725176291214025,0.3133278680614201,0.21739130434782608,0.21739130434782608,0.35714285714285715,0.35714285714285715,0.35714285714285715,0.35714285714285715,0.07142857142857142,0.2857142857142857,"{""Q1->Q1"":5,""Q1->Q2"":2,""Q1->Q3"":3,""Q1->Q4"":4,""Q2->Q1"":5,""Q2->Q2"":5,""Q2->Q3"":2,""Q2->Q4"":1,""Q3->Q1"":3,""Q3->Q2"":3,""Q3->Q3"":3,""Q3->Q4"":4,""Q4->Q1"":1,""Q4->Q2"":3,""Q4->Q3"":5,""Q4->Q4"":5}",,limited
seven_topic_union,leave_topic_out,entertainment_culture,high_loss_lift,near_bi_both,34453,54,16,,,,,,,,,,,"{""Q1->Q1"":2,""Q1->Q2"":1,""Q1->Q3"":1,""Q1->Q4"":0,""Q2->Q1"":3,""Q2->Q2"":0,""Q2->Q3"":0,""Q2->Q4"":1,""Q3->Q1"":0,""Q3->Q2"":1,""Q3->Q3"":1,""Q3->Q4"":2,""Q4->Q1"":0,""Q4->Q2"":1,""Q4->Q3"":2,""Q4->Q4"":1}",defined_count_16_below_reporting_min_30,insufficient
seven_topic_union,leave_topic_out,entertainment_culture,adjusted_loss_corr,near_bi_both,34453,54,54,0.37922622450924337,0.29007724295812937,0.4,0.21739130434782608,0.5714285714285714,0.5714285714285714,0.35714285714285715,0.35714285714285715,0.07142857142857142,0.07142857142857142,"{""Q1->Q1"":5,""Q1->Q2"":5,""Q1->Q3"":3,""Q1->Q4"":1,""Q2->Q1"":5,""Q2->Q2"":2,""Q2->Q3"":4,""Q2->Q4"":2,""Q3->Q1"":3,""Q3->Q2"":3,""Q3->Q3"":4,""Q3->Q4"":3,""Q4->Q1"":1,""Q4->Q2"":3,""Q4->Q3"":2,""Q4->Q4"":8}",,limited
seven_topic_union,leave_topic_out,entertainment_culture,adjusted_pog,eligible_both,34453,198,198,0.26845270808743,0.24008497557056546,0.25,0.28205128205128205,0.4,0.4,0.44,0.44,0.06,0.12,"{""Q1->Q1"":22,""Q1->Q2"":10,""Q1->Q3"":12,""Q1->Q4"":6,""Q2->Q1"":11,""Q2->Q2"":13,""Q2->Q3"":11,""Q2->Q4"":14,""Q3->Q1"":14,""Q3->Q2"":13,""Q3->Q3"":12,""Q3->Q4"":10,""Q4->Q1"":3,""Q4->Q2"":13,""Q4->Q3"":14,""Q4->Q4"":20}",,headline
seven_topic_union,leave_topic_out,entertainment_culture,high_loss_lift,eligible_both,34453,198,92,0.4697242408751703,0.253973841588099,0.29411764705882354,0.37142857142857144,0.43478260869565216,0.47619047619047616,0.5652173913043478,0.52,0.0,0.0,"{""Q1->Q1"":13,""Q1->Q2"":2,""Q1->Q3"":8,""Q1->Q4"":0,""Q2->Q1"":9,""Q2->Q2"":5,""Q2->Q3"":6,""Q2->Q4"":3,""Q3->Q1"":3,""Q3->Q2"":8,""Q3->Q3"":4,""Q3->Q4"":8,""Q4->Q1"":0,""Q4->Q2"":4,""Q4->Q3"":9,""Q4->Q4"":10}",,limited
seven_topic_union,leave_topic_out,entertainment_culture,adjusted_loss_corr,eligible_both,34453,198,198,0.07999155908754665,0.04760977325962664,0.17647058823529413,0.14942528735632185,0.3,0.3,0.26,0.26,0.2,0.22,"{""Q1->Q1"":13,""Q1->Q2"":9,""Q1->Q3"":17,""Q1->Q4"":11,""Q2->Q1"":15,""Q2->Q2"":16,""Q2->Q3"":8,""Q2->Q4"":10,""Q3->Q1"":12,""Q3->Q2"":15,""Q3->Q3"":8,""Q3->Q4"":14,""Q4->Q1"":10,""Q4->Q2"":9,""Q4->Q3"":16,""Q4->Q4"":15}",,headline
official_full,leave_topic_out,finance_economics,adjusted_pog,near_bi_both,34453,1321,1321,0.5984293212441182,0.6313581786462764,0.4072494669509595,0.340080971659919,0.5787878787878787,0.5787878787878787,0.5075528700906344,0.5075528700906344,0.03636363636363636,0.05454545454545454,"{""Q1->Q1"":168,""Q1->Q2"":93,""Q1->Q3"":52,""Q1->Q4"":18,""Q2->Q1"":107,""Q2->Q2"":107,""Q2->Q3"":75,""Q2->Q4"":41,""Q3->Q1"":44,""Q3->Q2"":92,""Q3->Q3"":114,""Q3->Q4"":80,""Q4->Q1"":12,""Q4->Q2"":38,""Q4->Q3"":89,""Q4->Q4"":191}",,headline
official_full,leave_topic_out,finance_economics,high_loss_lift,near_bi_both,34453,1321,1321,0.4582614742162455,0.5940949171694035,0.3836477987421384,0.24202626641651032,0.5545454545454546,0.5545454545454546,0.38972809667673713,0.38972809667673713,0.11818181818181818,0.06666666666666667,"{""Q1->Q1"":129,""Q1->Q2"":106,""Q1->Q3"":74,""Q1->Q4"":22,""Q2->Q1"":96,""Q2->Q2"":98,""Q2->Q3"":101,""Q2->Q4"":35,""Q3->Q1"":67,""Q3->Q2"":77,""Q3->Q3"":96,""Q3->Q4"":90,""Q4->Q1"":39,""Q4->Q2"":49,""Q4->Q3"":59,""Q4->Q4"":183}",,headline
official_full,leave_topic_out,finance_economics,adjusted_loss_corr,near_bi_both,34453,1321,1321,0.5154952158485077,0.6410715501848463,0.3778705636743215,0.290448343079922,0.5484848484848485,0.5484848484848485,0.4501510574018127,0.4501510574018127,0.06060606060606061,0.08181818181818182,"{""Q1->Q1"":149,""Q1->Q2"":88,""Q1->Q3"":67,""Q1->Q4"":27,""Q2->Q1"":99,""Q2->Q2"":114,""Q2->Q3"":84,""Q2->Q4"":33,""Q3->Q1"":63,""Q3->Q2"":76,""Q3->Q3"":102,""Q3->Q4"":89,""Q4->Q1"":20,""Q4->Q2"":52,""Q4->Q3"":77,""Q4->Q4"":181}",,headline
official_full,leave_topic_out,finance_economics,adjusted_pog,eligible_both,34453,11327,11327,0.42269689162781837,0.4507941626933261,0.3150684931506849,0.27195149337525265,0.4791666666666667,0.4791666666666667,0.4276129943502825,0.4276129943502825,0.07838983050847458,0.1182909604519774,"{""Q1->Q1"":1211,""Q1->Q2"":752,""Q1->Q3"":534,""Q1->Q4"":335,""Q2->Q1"":841,""Q2->Q2"":832,""Q2->Q3"":703,""Q2->Q4"":456,""Q3->Q1"":558,""Q3->Q2"":728,""Q3->Q3"":861,""Q3->Q4"":684,""Q4->Q1"":222,""Q4->Q2"":520,""Q4->Q3"":733,""Q4->Q4"":1357}",,headline
official_full,leave_topic_out,finance_economics,high_loss_lift,eligible_both,34453,11327,11327,0.41236044240519953,0.6351410621242982,0.3605572904155657,0.2553191489361702,0.5300141242937854,0.5300141242937854,0.4067796610169492,0.4067796610169492,0.1239406779661017,0.08686440677966102,"{""Q1->Q1"":1152,""Q1->Q2"":799,""Q1->Q3"":635,""Q1->Q4"":246,""Q2->Q1"":728,""Q2->Q2"":929,""Q2->Q3"":829,""Q2->Q4"":346,""Q3->Q1"":601,""Q3->Q2"":665,""Q3->Q3"":826,""Q3->Q4"":739,""Q4->Q1"":351,""Q4->Q2"":439,""Q4->Q3"":541,""Q4->Q4"":1501}",,headline
official_full,leave_topic_out,finance_economics,adjusted_loss_corr,eligible_both,34453,11327,11327,0.47178737074930577,0.584547728387946,0.3567321514135122,0.2999770484278173,0.5259625574002119,0.525776836158192,0.4615112994350282,0.4615112994350282,0.06993995054750972,0.09887005649717515,"{""Q1->Q1"":1307,""Q1->Q2"":732,""Q1->Q3"":513,""Q1->Q4"":280,""Q2->Q1"":780,""Q2->Q2"":849,""Q2->Q3"":786,""Q2->Q4"":417,""Q3->Q1"":547,""Q3->Q2"":779,""Q3->Q3"":860,""Q3->Q4"":646,""Q4->Q1"":198,""Q4->Q2"":472,""Q4->Q3"":672,""Q4->Q4"":1489}",,headline
seven_topic_union,leave_topic_out,finance_economics,adjusted_pog,near_bi_both,34453,1320,1320,0.59762737669026,0.6222072152169998,0.41025641025641024,0.32796780684104626,0.5818181818181818,0.5818181818181818,0.49393939393939396,0.49393939393939396,0.03636363636363636,0.05454545454545454,"{""Q1->Q1"":163,""Q1->Q2"":94,""Q1->Q3"":55,""Q1->Q4"":18,""Q2->Q1"":109,""Q2->Q2"":109,""Q2->Q3"":69,""Q2->Q4"":43,""Q3->Q1"":46,""Q3->Q2"":97,""Q3->Q3"":110,""Q3->Q4"":77,""Q4->Q1"":12,""Q4->Q2"":30,""Q4->Q3"":96,""Q4->Q4"":192}",,headline
seven_topic_union,leave_topic_out,finance_economics,high_loss_lift,near_bi_both,34453,1320,1320,0.4544459534603896,0.6276561772683624,0.3836477987421384,0.2595419847328244,0.5545454545454546,0.5545454545454546,0.4121212121212121,0.4121212121212121,0.11515151515151516,0.08484848484848485,"{""Q1->Q1"":136,""Q1->Q2"":98,""Q1->Q3"":68,""Q1->Q4"":28,""Q2->Q1"":94,""Q2->Q2"":106,""Q2->Q3"":100,""Q2->Q4"":30,""Q3->Q1"":62,""Q3->Q2"":78,""Q3->Q3"":101,""Q3->Q4"":89,""Q4->Q1"":38,""Q4->Q2"":48,""Q4->Q3"":61,""Q4->Q4"":183}",,headline
seven_topic_union,leave_topic_out,finance_economics,adjusted_loss_corr,near_bi_both,34453,1320,1320,0.5010607762591227,0.6401724060429035,0.3983050847457627,0.2815533980582524,0.5696969696969697,0.5696969696969697,0.4393939393939394,0.4393939393939394,0.0696969696969697,0.07878787878787878,"{""Q1->Q1"":145,""Q1->Q2"":88,""Q1->Q3"":71,""Q1->Q4"":26,""Q2->Q1"":93,""Q2->Q2"":121,""Q2->Q3"":82,""Q2->Q4"":34,""Q3->Q1"":69,""Q3->Q2"":77,""Q3->Q3"":102,""Q3->Q4"":82,""Q4->Q1"":23,""Q4->Q2"":44,""Q4->Q3"":75,""Q4->Q4"":188}",,headline
seven_topic_union,leave_topic_out,finance_economics,adjusted_pog,eligible_both,34453,11327,11327,0.4108020418575645,0.44011450071718716,0.30959537572254336,0.26711409395973157,0.4728107344632768,0.4728107344632768,0.4216101694915254,0.4216101694915254,0.08192090395480225,0.12217514124293785,"{""Q1->Q1"":1194,""Q1->Q2"":756,""Q1->Q3"":536,""Q1->Q4"":346,""Q2->Q1"":833,""Q2->Q2"":820,""Q2->Q3"":710,""Q2->Q4"":469,""Q3->Q1"":573,""Q3->Q2"":732,""Q3->Q3"":848,""Q3->Q4"":678,""Q4->Q1"":232,""Q4->Q2"":524,""Q4->Q3"":737,""Q4->Q4"":1339}",,headline
seven_topic_union,leave_topic_out,finance_economics,high_loss_lift,eligible_both,34453,11327,11327,0.419048953963964,0.6439118892393949,0.36547733847637415,0.25442869796279893,0.5353107344632768,0.5353107344632768,0.40557712672079066,0.4057203389830508,0.11793785310734463,0.09463276836158192,"{""Q1->Q1"":1149,""Q1->Q2"":789,""Q1->Q3"":627,""Q1->Q4"":268,""Q2->Q1"":736,""Q2->Q2"":930,""Q2->Q3"":828,""Q2->Q4"":337,""Q3->Q1"":613,""Q3->Q2"":681,""Q3->Q3"":826,""Q3->Q4"":711,""Q4->Q1"":334,""Q4->Q2"":432,""Q4->Q3"":550,""Q4->Q4"":1516}",,headline
seven_topic_union,leave_topic_out,finance_economics,adjusted_loss_corr,eligible_both,34453,11327,11327,0.4812214831605763,0.5969509226365065,0.36153846153846153,0.3062730627306273,0.5310734463276836,0.5310734463276836,0.4689265536723164,0.4689265536723164,0.06885593220338983,0.09851694915254237,"{""Q1->Q1"":1328,""Q1->Q2"":705,""Q1->Q3"":520,""Q1->Q4"":279,""Q2->Q1"":775,""Q2->Q2"":895,""Q2->Q3"":759,""Q2->Q4"":403,""Q3->Q1"":534,""Q3->Q2"":776,""Q3->Q3"":875,""Q3->Q4"":646,""Q4->Q1"":195,""Q4->Q2"":456,""Q4->Q3"":677,""Q4->Q4"":1504}",,headline
official_full,leave_topic_out,health_science,adjusted_pog,near_bi_both,34453,1423,1423,0.3962728717800844,0.3482596313961601,0.24041811846689895,0.2764811490125673,0.38764044943820225,0.38764044943820225,0.43258426966292135,0.43380281690140843,0.11235955056179775,0.10112359550561797,"{""Q1->Q1"":154,""Q1->Q2"":113,""Q1->Q3"":53,""Q1->Q4"":36,""Q2->Q1"":104,""Q2->Q2"":92,""Q2->Q3"":78,""Q2->Q4"":82,""Q3->Q1"":57,""Q3->Q2"":93,""Q3->Q3"":105,""Q3->Q4"":100,""Q4->Q1"":40,""Q4->Q2"":59,""Q4->Q3"":119,""Q4->Q4"":138}",,headline
official_full,leave_topic_out,health_science,high_loss_lift,near_bi_both,34453,1423,288,0.2796550405496835,0.12753785110669927,0.25,0.23952095808383234,0.3972602739726027,0.4027777777777778,0.5555555555555556,0.2962962962962963,0.3424657534246575,0.1527777777777778,"{""Q1->Q1"":40,""Q1->Q2"":1,""Q1->Q3"":20,""Q1->Q4"":11,""Q2->Q1"":40,""Q2->Q2"":5,""Q2->Q3"":22,""Q2->Q4"":5,""Q3->Q1"":30,""Q3->Q2"":3,""Q3->Q3"":11,""Q3->Q4"":27,""Q4->Q1"":25,""Q4->Q2"":0,""Q4->Q3"":19,""Q4->Q4"":29}",,headline
official_full,leave_topic_out,health_science,adjusted_loss_corr,near_bi_both,34453,1423,1423,0.15251662859466433,0.17494655233382597,0.21331058020477817,0.16721311475409836,0.351123595505618,0.352112676056338,0.28651685393258425,0.28651685393258425,0.18258426966292135,0.2140845070422535,"{""Q1->Q1"":102,""Q1->Q2"":91,""Q1->Q3"":87,""Q1->Q4"":76,""Q2->Q1"":105,""Q2->Q2"":96,""Q2->Q3"":91,""Q2->Q4"":64,""Q3->Q1"":84,""Q3->Q2"":91,""Q3->Q3"":90,""Q3->Q4"":90,""Q4->Q1"":65,""Q4->Q2"":77,""Q4->Q3"":89,""Q4->Q4"":125}",,headline
official_full,leave_topic_out,health_science,adjusted_pog,eligible_both,34453,11327,11327,0.2762770186953524,0.24920877459722782,0.23479398299542184,0.2267706302794022,0.3802966101694915,0.3802966101694915,0.3697033898305085,0.3697033898305085,0.1338276836158192,0.17372881355932204,"{""Q1->Q1"":1047,""Q1->Q2"":775,""Q1->Q3"":518,""Q1->Q4"":492,""Q2->Q1"":827,""Q2->Q2"":852,""Q2->Q3"":641,""Q2->Q4"":512,""Q3->Q1"":579,""Q3->Q2"":713,""Q3->Q3"":788,""Q3->Q4"":751,""Q4->Q1"":379,""Q4->Q2"":492,""Q4->Q3"":884,""Q4->Q4"":1077}",,headline
official_full,leave_topic_out,health_science,high_loss_lift,eligible_both,34453,11327,3548,0.11708362144703369,0.28728195719931204,0.2848879248011569,0.1829465731246627,0.44419391206313413,0.44269662921348313,0.38218714768883877,0.2597701149425287,0.4487034949267193,0.14382022471910114,"{""Q1->Q1"":339,""Q1->Q2"":116,""Q1->Q3"":304,""Q1->Q4"":128,""Q2->Q1"":249,""Q2->Q2"":152,""Q2->Q3"":315,""Q2->Q4"":171,""Q3->Q1"":319,""Q3->Q2"":147,""Q3->Q3"":224,""Q3->Q4"":197,""Q4->Q1"":398,""Q4->Q2"":37,""Q4->Q3"":58,""Q4->Q4"":394}",,headline
official_full,leave_topic_out,health_science,adjusted_loss_corr,eligible_both,34453,11327,11327,0.2233663067797063,0.2613800260857902,0.22597402597402597,0.21129170230966637,0.3686440677966102,0.3686440677966102,0.3488700564971751,0.3488700564971751,0.13983050847457626,0.18608757062146894,"{""Q1->Q1"":988,""Q1->Q2"":765,""Q1->Q3"":552,""Q1->Q4"":527,""Q2->Q1"":789,""Q2->Q2"":729,""Q2->Q3"":710,""Q2->Q4"":604,""Q3->Q1"":659,""Q3->Q2"":717,""Q3->Q3"":798,""Q3->Q4"":657,""Q4->Q1"":396,""Q4->Q2"":621,""Q4->Q3"":771,""Q4->Q4"":1044}",,headline
seven_topic_union,leave_topic_out,health_science,adjusted_pog,near_bi_both,34453,1470,1470,0.41519295698984376,0.33143788743232017,0.2760416666666667,0.2667814113597246,0.4320652173913043,0.4332425068119891,0.421195652173913,0.421195652173913,0.09510869565217392,0.09264305177111716,"{""Q1->Q1"":155,""Q1->Q2"":125,""Q1->Q3"":54,""Q1->Q4"":34,""Q2->Q1"":113,""Q2->Q2"":93,""Q2->Q3"":83,""Q2->Q4"":78,""Q3->Q1"":65,""Q3->Q2"":91,""Q3->Q3"":115,""Q3->Q4"":96,""Q4->Q1"":35,""Q4->Q2"":58,""Q4->Q3"":116,""Q4->Q4"":159}",,headline
seven_topic_union,leave_topic_out,health_science,high_loss_lift,near_bi_both,34453,1470,297,0.2828923630853539,0.21437793002257743,0.2542372881355932,0.25146198830409355,0.40540540540540543,0.40540540540540543,0.5733333333333334,0.30935251798561153,0.3108108108108108,0.14864864864864866,"{""Q1->Q1"":43,""Q1->Q2"":1,""Q1->Q3"":20,""Q1->Q4"":11,""Q2->Q1"":37,""Q2->Q2"":5,""Q2->Q3"":21,""Q2->Q4"":11,""Q3->Q1"":36,""Q3->Q2"":3,""Q3->Q3"":13,""Q3->Q4"":22,""Q4->Q1"":23,""Q4->Q2"":0,""Q4->Q3"":21,""Q4->Q4"":30}",,headline
seven_topic_union,leave_topic_out,health_science,adjusted_loss_corr,near_bi_both,34453,1470,1470,0.12679683665397162,0.15969738241603654,0.20458265139116202,0.15723270440251572,0.33967391304347827,0.33967391304347827,0.2717391304347826,0.2717391304347826,0.18478260869565216,0.24456521739130435,"{""Q1->Q1"":100,""Q1->Q2"":96,""Q1->Q3"":82,""Q1->Q4"":90,""Q2->Q1"":103,""Q2->Q2"":101,""Q2->Q3"":99,""Q2->Q4"":64,""Q3->Q1"":97,""Q3->Q2"":80,""Q3->Q3"":101,""Q3->Q4"":89,""Q4->Q1"":68,""Q4->Q2"":91,""Q4->Q3"":84,""Q4->Q4"":125}",,headline
seven_topic_union,leave_topic_out,health_science,adjusted_pog,eligible_both,34453,11327,11327,0.27589505634021627,0.2458916753029517,0.23614142295940638,0.22996742671009773,0.3820621468926554,0.3820621468926554,0.3739406779661017,0.3739406779661017,0.13206214689265536,0.17266949152542374,"{""Q1->Q1"":1059,""Q1->Q2"":762,""Q1->Q3"":522,""Q1->Q4"":489,""Q2->Q1"":821,""Q2->Q2"":858,""Q2->Q3"":641,""Q2->Q4"":512,""Q3->Q1"":578,""Q3->Q2"":725,""Q3->Q3"":779,""Q3->Q4"":749,""Q4->Q1"":374,""Q4->Q2"":487,""Q4->Q3"":889,""Q4->Q4"":1082}",,headline
seven_topic_union,leave_topic_out,health_science,high_loss_lift,eligible_both,34453,11327,3548,0.1156847514751955,0.2790690986502013,0.2774982027318476,0.19324986390854654,0.4351747463359639,0.4337078651685393,0.40022547914317924,0.2720306513409962,0.4509582863585118,0.1449438202247191,"{""Q1->Q1"":355,""Q1->Q2"":110,""Q1->Q3"":293,""Q1->Q4"":129,""Q2->Q1"":230,""Q2->Q2"":155,""Q2->Q3"":320,""Q2->Q4"":182,""Q3->Q1"":320,""Q3->Q2"":144,""Q3->Q3"":230,""Q3->Q4"":193,""Q4->Q1"":400,""Q4->Q2"":43,""Q4->Q3"":58,""Q4->Q4"":386}",,headline
seven_topic_union,leave_topic_out,health_science,adjusted_loss_corr,eligible_both,34453,11327,11327,0.21141147393313733,0.24956603042597406,0.21571152607855762,0.21155080213903743,0.3548728813559322,0.3548728813559322,0.3492231638418079,0.3492231638418079,0.14124293785310735,0.19562146892655366,"{""Q1->Q1"":989,""Q1->Q2"":751,""Q1->Q3"":538,""Q1->Q4"":554,""Q2->Q1"":800,""Q2->Q2"":704,""Q2->Q3"":704,""Q2->Q4"":624,""Q3->Q1"":643,""Q3->Q2"":732,""Q3->Q3"":807,""Q3->Q4"":649,""Q4->Q1"":400,""Q4->Q2"":645,""Q4->Q3"":782,""Q4->Q4"":1005}",,headline
official_full,leave_topic_out,politics_conflict,adjusted_pog,near_bi_both,34453,1731,1731,0.5350883107097808,0.5645076592006958,0.3323076923076923,0.32213740458015266,0.49884526558891457,0.49884526558891457,0.48729792147806006,0.48729792147806006,0.04849884526558892,0.06235565819861432,"{""Q1->Q1"":211,""Q1->Q2"":113,""Q1->Q3"":82,""Q1->Q4"":27,""Q2->Q1"":137,""Q2->Q2"":148,""Q2->Q3"":92,""Q2->Q4"":56,""Q3->Q1"":64,""Q3->Q2"":93,""Q3->Q3"":141,""Q3->Q4"":134,""Q4->Q1"":21,""Q4->Q2"":79,""Q4->Q3"":117,""Q4->Q4"":216}",,headline
official_full,leave_topic_out,politics_conflict,high_loss_lift,near_bi_both,34453,1731,1731,0.4171162084285372,0.48903955455004444,0.3767885532591415,0.2442528735632184,0.5473441108545035,0.5473441108545035,0.39260969976905313,0.39260969976905313,0.07390300230946882,0.12240184757505773,"{""Q1->Q1"":170,""Q1->Q2"":115,""Q1->Q3"":95,""Q1->Q4"":53,""Q2->Q1"":146,""Q2->Q2"":115,""Q2->Q3"":115,""Q2->Q4"":57,""Q3->Q1"":85,""Q3->Q2"":140,""Q3->Q3"":121,""Q3->Q4"":86,""Q4->Q1"":32,""Q4->Q2"":63,""Q4->Q3"":101,""Q4->Q4"":237}",,headline
official_full,leave_topic_out,politics_conflict,adjusted_loss_corr,near_bi_both,34453,1731,1731,0.48841062473498353,0.5902611686656873,0.3637795275590551,0.29253731343283584,0.5334872979214781,0.5334872979214781,0.45265588914549654,0.45265588914549654,0.057736720554272515,0.10161662817551963,"{""Q1->Q1"":196,""Q1->Q2"":111,""Q1->Q3"":82,""Q1->Q4"":44,""Q2->Q1"":131,""Q2->Q2"":137,""Q2->Q3"":111,""Q2->Q4"":54,""Q3->Q1"":81,""Q3->Q2"":131,""Q3->Q3"":116,""Q3->Q4"":104,""Q4->Q1"":25,""Q4->Q2"":54,""Q4->Q3"":123,""Q4->Q4"":231}",,headline
official_full,leave_topic_out,politics_conflict,adjusted_pog,eligible_both,34453,11327,11327,0.3661921666545714,0.37811017202353003,0.26062764300022256,0.27080996185775186,0.4134887005649718,0.4134887005649718,0.4262005649717514,0.4262005649717514,0.09392655367231638,0.13453389830508475,"{""Q1->Q1"":1207,""Q1->Q2"":689,""Q1->Q3"":555,""Q1->Q4"":381,""Q2->Q1"":852,""Q2->Q2"":883,""Q2->Q3"":640,""Q2->Q4"":457,""Q3->Q1"":507,""Q3->Q2"":686,""Q3->Q3"":815,""Q3->Q4"":823,""Q4->Q1"":266,""Q4->Q2"":574,""Q4->Q3"":821,""Q4->Q4"":1171}",,headline
official_full,leave_topic_out,politics_conflict,high_loss_lift,eligible_both,34453,11327,11327,0.4071641526862498,0.5875541150073027,0.35534816941852115,0.24183293137469852,0.524364406779661,0.524364406779661,0.3894774011299435,0.3894774011299435,0.09110169491525423,0.12641242937853106,"{""Q1->Q1"":1103,""Q1->Q2"":776,""Q1->Q3"":595,""Q1->Q4"":358,""Q2->Q1"":843,""Q2->Q2"":989,""Q2->Q3"":600,""Q2->Q4"":400,""Q3->Q1"":628,""Q3->Q2"":782,""Q3->Q3"":832,""Q3->Q4"":589,""Q4->Q1"":258,""Q4->Q2"":285,""Q4->Q3"":804,""Q4->Q4"":1485}",,headline
official_full,leave_topic_out,politics_conflict,adjusted_loss_corr,eligible_both,34453,11327,11327,0.46818082778335524,0.565123420558215,0.36547733847637415,0.25754884547069273,0.5353107344632768,0.5353107344632768,0.4096045197740113,0.4096045197740113,0.07556497175141243,0.09639830508474577,"{""Q1->Q1"":1160,""Q1->Q2"":883,""Q1->Q3"":516,""Q1->Q4"":273,""Q2->Q1"":855,""Q2->Q2"":879,""Q2->Q3"":700,""Q2->Q4"":398,""Q3->Q1"":603,""Q3->Q2"":686,""Q3->Q3"":897,""Q3->Q4"":645,""Q4->Q1"":214,""Q4->Q2"":384,""Q4->Q3"":718,""Q4->Q4"":1516}",,headline
seven_topic_union,leave_topic_out,politics_conflict,adjusted_pog,near_bi_both,34453,1675,1675,0.5363565380681498,0.5707926251365889,0.33015873015873015,0.3322734499205087,0.4964200477326969,0.4964200477326969,0.4988066825775656,0.4988066825775656,0.057279236276849645,0.06443914081145585,"{""Q1->Q1"":209,""Q1->Q2"":107,""Q1->Q3"":76,""Q1->Q4"":27,""Q2->Q1"":128,""Q2->Q2"":143,""Q2->Q3"":94,""Q2->Q4"":54,""Q3->Q1"":58,""Q3->Q2"":91,""Q3->Q3"":139,""Q3->Q4"":130,""Q4->Q1"":24,""Q4->Q2"":78,""Q4->Q3"":109,""Q4->Q4"":208}",,headline
seven_topic_union,leave_topic_out,politics_conflict,high_loss_lift,near_bi_both,34453,1675,1675,0.4240335773494164,0.5365691648393038,0.38741721854304634,0.2378138847858198,0.5584725536992841,0.5584725536992841,0.38424821002386633,0.38424821002386633,0.06921241050119331,0.10739856801909307,"{""Q1->Q1"":161,""Q1->Q2"":118,""Q1->Q3"":95,""Q1->Q4"":45,""Q2->Q1"":149,""Q2->Q2"":107,""Q2->Q3"":106,""Q2->Q4"":57,""Q3->Q1"":80,""Q3->Q2"":133,""Q3->Q3"":122,""Q3->Q4"":83,""Q4->Q1"":29,""Q4->Q2"":61,""Q4->Q3"":95,""Q4->Q4"":234}",,headline
seven_topic_union,leave_topic_out,politics_conflict,adjusted_loss_corr,near_bi_both,34453,1675,1675,0.4806348564170689,0.5946646637130978,0.36038961038961037,0.2852760736196319,0.5298329355608592,0.5298329355608592,0.4439140811455847,0.4439140811455847,0.05489260143198091,0.09069212410501193,"{""Q1->Q1"":186,""Q1->Q2"":113,""Q1->Q3"":82,""Q1->Q4"":38,""Q2->Q1"":128,""Q2->Q2"":129,""Q2->Q3"":104,""Q2->Q4"":58,""Q3->Q1"":82,""Q3->Q2"":116,""Q3->Q3"":119,""Q3->Q4"":101,""Q4->Q1"":23,""Q4->Q2"":61,""Q4->Q3"":113,""Q4->Q4"":222}",,headline
seven_topic_union,leave_topic_out,politics_conflict,adjusted_pog,eligible_both,34453,11327,11327,0.3599318977271139,0.3738182998000391,0.25448504983388703,0.26881720430107525,0.4057203389830508,0.4057203389830508,0.423728813559322,0.423728813559322,0.09463276836158192,0.1317090395480226,"{""Q1->Q1"":1200,""Q1->Q2"":697,""Q1->Q3"":562,""Q1->Q4"":373,""Q2->Q1"":826,""Q2->Q2"":878,""Q2->Q3"":641,""Q2->Q4"":487,""Q3->Q1"":538,""Q3->Q2"":675,""Q3->Q3"":795,""Q3->Q4"":823,""Q4->Q1"":268,""Q4->Q2"":582,""Q4->Q3"":833,""Q4->Q4"":1149}",,headline
seven_topic_union,leave_topic_out,politics_conflict,high_loss_lift,eligible_both,34453,11327,11327,0.3875024477113855,0.5740405092875005,0.34568781183178904,0.23776223776223776,0.513771186440678,0.513771186440678,0.384180790960452,0.384180790960452,0.09216101694915255,0.13806497175141244,"{""Q1->Q1"":1088,""Q1->Q2"":761,""Q1->Q3"":592,""Q1->Q4"":391,""Q2->Q1"":850,""Q2->Q2"":957,""Q2->Q3"":616,""Q2->Q4"":408,""Q3->Q1"":633,""Q3->Q2"":821,""Q3->Q3"":800,""Q3->Q4"":578,""Q4->Q1"":261,""Q4->Q2"":293,""Q4->Q3"":823,""Q4->Q4"":1455}",,headline
seven_topic_union,leave_topic_out,politics_conflict,adjusted_loss_corr,eligible_both,34453,11327,11327,0.44472697662187904,0.5493395078516217,0.3546998325759388,0.24647887323943662,0.5236581920903954,0.5236581920903954,0.3954802259887006,0.3954802259887006,0.07556497175141243,0.10699152542372882,"{""Q1->Q1"":1120,""Q1->Q2"":874,""Q1->Q3"":535,""Q1->Q4"":303,""Q2->Q1"":846,""Q2->Q2"":881,""Q2->Q3"":698,""Q2->Q4"":407,""Q3->Q1"":652,""Q3->Q2"":674,""Q3->Q3"":866,""Q3->Q4"":639,""Q4->Q1"":214,""Q4->Q2"":403,""Q4->Q3"":732,""Q4->Q4"":1483}",,headline
official_full,leave_topic_out,sports,adjusted_pog,near_bi_both,34453,1016,1016,0.4257135888169451,0.47259941545397,0.34748010610079577,0.27,0.515748031496063,0.515748031496063,0.4251968503937008,0.4251968503937008,0.1062992125984252,0.04330708661417323,"{""Q1->Q1"":108,""Q1->Q2"":84,""Q1->Q3"":51,""Q1->Q4"":11,""Q2->Q1"":55,""Q2->Q2"":67,""Q2->Q3"":83,""Q2->Q4"":49,""Q3->Q1"":64,""Q3->Q2"":57,""Q3->Q3"":70,""Q3->Q4"":63,""Q4->Q1"":27,""Q4->Q2"":46,""Q4->Q3"":50,""Q4->Q4"":131}",,headline
official_full,leave_topic_out,sports,high_loss_lift,near_bi_both,34453,1016,1016,0.3609847565757403,0.3943007338430586,0.3220779220779221,0.24509803921568626,0.4881889763779528,0.48627450980392156,0.3937007874015748,0.3937007874015748,0.20078740157480315,0.10588235294117647,"{""Q1->Q1"":100,""Q1->Q2"":72,""Q1->Q3"":55,""Q1->Q4"":27,""Q2->Q1"":58,""Q2->Q2"":89,""Q2->Q3"":79,""Q2->Q4"":28,""Q3->Q1"":45,""Q3->Q2"":58,""Q3->Q3"":75,""Q3->Q4"":76,""Q4->Q1"":51,""Q4->Q2"":35,""Q4->Q3"":44,""Q4->Q4"":124}",,headline
official_full,leave_topic_out,sports,adjusted_loss_corr,near_bi_both,34453,1016,1016,0.44331118723150786,0.5734392904502535,0.34748010610079577,0.25742574257425743,0.515748031496063,0.515748031496063,0.4094488188976378,0.4094488188976378,0.08661417322834646,0.0984251968503937,"{""Q1->Q1"":104,""Q1->Q2"":67,""Q1->Q3"":58,""Q1->Q4"":25,""Q2->Q1"":75,""Q2->Q2"":70,""Q2->Q3"":70,""Q2->Q4"":39,""Q3->Q1"":53,""Q3->Q2"":73,""Q3->Q3"":69,""Q3->Q4"":59,""Q4->Q1"":22,""Q4->Q2"":44,""Q4->Q3"":57,""Q4->Q4"":131}",,headline
official_full,leave_topic_out,sports,adjusted_pog,eligible_both,34453,11327,11327,0.3193382336510236,0.3353043961251986,0.24428822495606328,0.2637215528781794,0.3926553672316384,0.3926553672316384,0.4173728813559322,0.4173728813559322,0.1472457627118644,0.10769774011299435,"{""Q1->Q1"":1182,""Q1->Q2"":808,""Q1->Q3"":537,""Q1->Q4"":305,""Q2->Q1"":670,""Q2->Q2"":672,""Q2->Q3"":869,""Q2->Q4"":621,""Q3->Q1"":563,""Q3->Q2"":715,""Q3->Q3"":759,""Q3->Q4"":794,""Q4->Q1"":417,""Q4->Q2"":636,""Q4->Q3"":667,""Q4->Q4"":1112}",,headline
official_full,leave_topic_out,sports,high_loss_lift,eligible_both,34453,11327,11327,0.3515890089030747,0.3935140727680896,0.30310701956271574,0.2456564767978887,0.4650423728813559,0.4653710247349823,0.3944209039548023,0.3944209039548023,0.1620762711864407,0.11943462897526502,"{""Q1->Q1"":1117,""Q1->Q2"":806,""Q1->Q3"":571,""Q1->Q4"":338,""Q2->Q1"":738,""Q2->Q2"":813,""Q2->Q3"":786,""Q2->Q4"":495,""Q3->Q1"":518,""Q3->Q2"":803,""Q3->Q3"":830,""Q3->Q4"":680,""Q4->Q1"":459,""Q4->Q2"":407,""Q4->Q3"":649,""Q4->Q4"":1317}",,headline
official_full,leave_topic_out,sports,adjusted_loss_corr,eligible_both,34453,11327,11327,0.4366645550104011,0.5317627778838993,0.31629095979549154,0.28348062542488106,0.4805790960451977,0.4805790960451977,0.4417372881355932,0.4417372881355932,0.0903954802259887,0.1182909604519774,"{""Q1->Q1"":1251,""Q1->Q2"":720,""Q1->Q3"":526,""Q1->Q4"":335,""Q2->Q1"":759,""Q2->Q2"":879,""Q2->Q3"":764,""Q2->Q4"":430,""Q3->Q1"":566,""Q3->Q2"":783,""Q3->Q3"":776,""Q3->Q4"":706,""Q4->Q1"":256,""Q4->Q2"":450,""Q4->Q3"":765,""Q4->Q4"":1361}",,headline
seven_topic_union,leave_topic_out,sports,adjusted_pog,near_bi_both,34453,995,995,0.42153885034494104,0.4718483092027661,0.3569482288828338,0.27365728900255754,0.5261044176706827,0.5261044176706827,0.42971887550200805,0.42971887550200805,0.11244979919678715,0.0642570281124498,"{""Q1->Q1"":107,""Q1->Q2"":78,""Q1->Q3"":48,""Q1->Q4"":16,""Q2->Q1"":55,""Q2->Q2"":65,""Q2->Q3"":86,""Q2->Q4"":43,""Q3->Q1"":59,""Q3->Q2"":60,""Q3->Q3"":70,""Q3->Q4"":59,""Q4->Q1"":28,""Q4->Q2"":46,""Q4->Q3"":44,""Q4->Q4"":131}",,headline
seven_topic_union,leave_topic_out,sports,high_loss_lift,near_bi_both,34453,995,995,0.3692919974749458,0.3952067551531689,0.328,0.23880597014925373,0.4939759036144578,0.4939759036144578,0.3855421686746988,0.3855421686746988,0.19678714859437751,0.10040160642570281,"{""Q1->Q1"":96,""Q1->Q2"":71,""Q1->Q3"":57,""Q1->Q4"":25,""Q2->Q1"":64,""Q2->Q2"":86,""Q2->Q3"":70,""Q2->Q4"":29,""Q3->Q1"":40,""Q3->Q2"":57,""Q3->Q3"":79,""Q3->Q4"":72,""Q4->Q1"":49,""Q4->Q2"":35,""Q4->Q3"":42,""Q4->Q4"":123}",,headline
seven_topic_union,leave_topic_out,sports,adjusted_loss_corr,near_bi_both,34453,995,995,0.41662206188770723,0.5683903968055751,0.3569482288828338,0.25757575757575757,0.5261044176706827,0.5261044176706827,0.40963855421686746,0.40963855421686746,0.08835341365461848,0.0963855421686747,"{""Q1->Q1"":102,""Q1->Q2"":61,""Q1->Q3"":62,""Q1->Q4"":24,""Q2->Q1"":73,""Q2->Q2"":61,""Q2->Q3"":73,""Q2->Q4"":42,""Q3->Q1"":52,""Q3->Q2"":87,""Q3->Q3"":57,""Q3->Q4"":52,""Q4->Q1"":22,""Q4->Q2"":40,""Q4->Q3"":56,""Q4->Q4"":131}",,headline
seven_topic_union,leave_topic_out,sports,adjusted_pog,eligible_both,34453,11327,11327,0.31259627445592114,0.32801509076788316,0.2396585686145765,0.2625947391885867,0.3866525423728814,0.3866525423728814,0.4159604519774011,0.4159604519774011,0.1475988700564972,0.11087570621468927,"{""Q1->Q1"":1178,""Q1->Q2"":803,""Q1->Q3"":537,""Q1->Q4"":314,""Q2->Q1"":658,""Q2->Q2"":672,""Q2->Q3"":871,""Q2->Q4"":631,""Q3->Q1"":578,""Q3->Q2"":725,""Q3->Q3"":736,""Q3->Q4"":792,""Q4->Q1"":418,""Q4->Q2"":631,""Q4->Q3"":688,""Q4->Q4"":1095}",,headline
seven_topic_union,leave_topic_out,sports,high_loss_lift,eligible_both,34453,11327,11327,0.35909348233038846,0.3978377840691484,0.29981634527089074,0.2533746404071697,0.4611581920903955,0.4614840989399293,0.4043079096045198,0.4043079096045198,0.15889830508474576,0.12014134275618374,"{""Q1->Q1"":1145,""Q1->Q2"":793,""Q1->Q3"":554,""Q1->Q4"":340,""Q2->Q1"":719,""Q2->Q2"":820,""Q2->Q3"":778,""Q2->Q4"":515,""Q3->Q1"":518,""Q3->Q2"":810,""Q3->Q3"":834,""Q3->Q4"":669,""Q4->Q1"":450,""Q4->Q2"":406,""Q4->Q3"":670,""Q4->Q4"":1306}",,headline
seven_topic_union,leave_topic_out,sports,adjusted_loss_corr,eligible_both,34453,11327,11327,0.430639512380066,0.5300848732937611,0.3159851301115242,0.28,0.480225988700565,0.480225988700565,0.4375,0.4375,0.08686440677966102,0.12358757062146893,"{""Q1->Q1"":1239,""Q1->Q2"":722,""Q1->Q3"":521,""Q1->Q4"":350,""Q2->Q1"":761,""Q2->Q2"":844,""Q2->Q3"":784,""Q2->Q4"":443,""Q3->Q1"":586,""Q3->Q2"":817,""Q3->Q3"":749,""Q3->Q4"":679,""Q4->Q1"":246,""Q4->Q2"":449,""Q4->Q3"":777,""Q4->Q4"":1360}",,headline
official_full,leave_topic_out,technology_ai,adjusted_pog,near_bi_both,34453,187,187,0.39337111271787684,0.3519534960471576,0.2702702702702703,0.323943661971831,0.425531914893617,0.425531914893617,0.48936170212765956,0.48936170212765956,0.10638297872340426,0.1276595744680851,"{""Q1->Q1"":23,""Q1->Q2"":11,""Q1->Q3"":7,""Q1->Q4"":6,""Q2->Q1"":12,""Q2->Q2"":15,""Q2->Q3"":12,""Q2->Q4"":8,""Q3->Q1"":7,""Q3->Q2"":9,""Q3->Q3"":17,""Q3->Q4"":13,""Q4->Q1"":5,""Q4->Q2"":12,""Q4->Q3"":10,""Q4->Q4"":20}",,headline
official_full,leave_topic_out,technology_ai,high_loss_lift,near_bi_both,34453,187,135,0.11025134819175043,0.07211469906911218,0.12698412698412698,0.2830188679245283,0.23529411764705882,0.21621621621621623,0.4411764705882353,0.4411764705882353,0.11764705882352941,0.2702702702702703,"{""Q1->Q1"":15,""Q1->Q2"":1,""Q1->Q3"":8,""Q1->Q4"":10,""Q2->Q1"":11,""Q2->Q2"":9,""Q2->Q3"":6,""Q2->Q4"":8,""Q3->Q1"":4,""Q3->Q2"":12,""Q3->Q3"":6,""Q3->Q4"":11,""Q4->Q1"":4,""Q4->Q2"":11,""Q4->Q3"":11,""Q4->Q4"":8}",,headline
official_full,leave_topic_out,technology_ai,adjusted_loss_corr,near_bi_both,34453,187,187,0.05357503330776374,0.0971800247471042,0.13253012048192772,0.23684210526315788,0.23404255319148937,0.23404255319148937,0.3829787234042553,0.3829787234042553,0.1702127659574468,0.3404255319148936,"{""Q1->Q1"":18,""Q1->Q2"":6,""Q1->Q3"":7,""Q1->Q4"":16,""Q2->Q1"":11,""Q2->Q2"":15,""Q2->Q3"":9,""Q2->Q4"":12,""Q3->Q1"":10,""Q3->Q2"":13,""Q3->Q3"":15,""Q3->Q4"":8,""Q4->Q1"":8,""Q4->Q2"":13,""Q4->Q3"":15,""Q4->Q4"":11}",,headline
official_full,leave_topic_out,technology_ai,adjusted_pog,eligible_both,34453,1258,1258,0.22295378758987155,0.2147180943654082,0.22568093385214008,0.20229007633587787,0.3682539682539683,0.3682539682539683,0.33650793650793653,0.33650793650793653,0.11746031746031746,0.1873015873015873,"{""Q1->Q1"":106,""Q1->Q2"":80,""Q1->Q3"":70,""Q1->Q4"":59,""Q2->Q1"":101,""Q2->Q2"":72,""Q2->Q3"":74,""Q2->Q4"":67,""Q3->Q1"":71,""Q3->Q2"":88,""Q3->Q3"":82,""Q3->Q4"":73,""Q4->Q1"":37,""Q4->Q2"":74,""Q4->Q3"":88,""Q4->Q4"":116}",,headline
official_full,leave_topic_out,technology_ai,high_loss_lift,eligible_both,34453,1258,928,0.18523310819776878,0.05613390714399925,0.19896640826873385,0.19298245614035087,0.33189655172413796,0.33189655172413796,0.33189655172413796,0.3155737704918033,0.21120689655172414,0.2629310344827586,"{""Q1->Q1"":77,""Q1->Q2"":63,""Q1->Q3"":31,""Q1->Q4"":61,""Q2->Q1"":66,""Q2->Q2"":81,""Q2->Q3"":38,""Q2->Q4"":47,""Q3->Q1"":52,""Q3->Q2"":48,""Q3->Q3"":85,""Q3->Q4"":47,""Q4->Q1"":49,""Q4->Q2"":29,""Q4->Q3"":77,""Q4->Q4"":77}",,headline
official_full,leave_topic_out,technology_ai,adjusted_loss_corr,eligible_both,34453,1258,1258,0.2428189953326672,0.17836307020586542,0.25,0.218568665377176,0.4,0.4,0.35873015873015873,0.35873015873015873,0.18412698412698414,0.10793650793650794,"{""Q1->Q1"":113,""Q1->Q2"":101,""Q1->Q3"":67,""Q1->Q4"":34,""Q2->Q1"":77,""Q2->Q2"":81,""Q2->Q3"":87,""Q2->Q4"":69,""Q3->Q1"":67,""Q3->Q2"":74,""Q3->Q3"":87,""Q3->Q4"":86,""Q4->Q1"":58,""Q4->Q2"":58,""Q4->Q3"":73,""Q4->Q4"":126}",,headline
seven_topic_union,leave_topic_out,technology_ai,adjusted_pog,near_bi_both,34453,189,189,0.302554257985389,0.2649105985595611,0.23684210526315788,0.2631578947368421,0.3829787234042553,0.3829787234042553,0.4166666666666667,0.4166666666666667,0.14893617021276595,0.19148936170212766,"{""Q1->Q1"":20,""Q1->Q2"":11,""Q1->Q3"":8,""Q1->Q4"":9,""Q2->Q1"":13,""Q2->Q2"":15,""Q2->Q3"":12,""Q2->Q4"":7,""Q3->Q1"":8,""Q3->Q2"":10,""Q3->Q3"":16,""Q3->Q4"":13,""Q4->Q1"":7,""Q4->Q2"":11,""Q4->Q3"":11,""Q4->Q4"":18}",,headline
seven_topic_union,leave_topic_out,technology_ai,high_loss_lift,near_bi_both,34453,189,136,0.11175462124848487,0.06426496295750618,0.12307692307692308,0.23636363636363636,0.23529411764705882,0.20512820512820512,0.38235294117647056,0.38235294117647056,0.11764705882352941,0.28205128205128205,"{""Q1->Q1"":13,""Q1->Q2"":1,""Q1->Q3"":9,""Q1->Q4"":11,""Q2->Q1"":13,""Q2->Q2"":8,""Q2->Q3"":5,""Q2->Q4"":8,""Q3->Q1"":4,""Q3->Q2"":13,""Q3->Q3"":5,""Q3->Q4"":12,""Q4->Q1"":4,""Q4->Q2"":12,""Q4->Q3"":10,""Q4->Q4"":8}",,headline
seven_topic_union,leave_topic_out,technology_ai,adjusted_loss_corr,near_bi_both,34453,189,189,0.05484633569739953,0.07155032936803317,0.13253012048192772,0.24675324675324675,0.23404255319148937,0.23404255319148937,0.3958333333333333,0.3958333333333333,0.1702127659574468,0.2978723404255319,"{""Q1->Q1"":19,""Q1->Q2"":4,""Q1->Q3"":11,""Q1->Q4"":14,""Q2->Q1"":13,""Q2->Q2"":11,""Q2->Q3"":10,""Q2->Q4"":13,""Q3->Q1"":8,""Q3->Q2"":16,""Q3->Q3"":14,""Q3->Q4"":9,""Q4->Q1"":8,""Q4->Q2"":16,""Q4->Q3"":12,""Q4->Q4"":11}",,headline
seven_topic_union,leave_topic_out,technology_ai,adjusted_pog,eligible_both,34453,1258,1258,0.17918215613943078,0.18465939146525107,0.2045889101338432,0.1864406779661017,0.3396825396825397,0.3396825396825397,0.3142857142857143,0.3142857142857143,0.14285714285714285,0.21904761904761905,"{""Q1->Q1"":99,""Q1->Q2"":76,""Q1->Q3"":71,""Q1->Q4"":69,""Q2->Q1"":101,""Q2->Q2"":73,""Q2->Q3"":76,""Q2->Q4"":64,""Q3->Q1"":70,""Q3->Q2"":87,""Q3->Q3"":82,""Q3->Q4"":75,""Q4->Q1"":45,""Q4->Q2"":78,""Q4->Q3"":85,""Q4->Q4"":107}",,headline
seven_topic_union,leave_topic_out,technology_ai,high_loss_lift,eligible_both,34453,1258,928,0.16246977551270567,0.044506342922277745,0.1958762886597938,0.19,0.3275862068965517,0.3275862068965517,0.3275862068965517,0.3114754098360656,0.21120689655172414,0.2672413793103448,"{""Q1->Q1"":76,""Q1->Q2"":58,""Q1->Q3"":36,""Q1->Q4"":62,""Q2->Q1"":65,""Q2->Q2"":84,""Q2->Q3"":35,""Q2->Q4"":48,""Q3->Q1"":54,""Q3->Q2"":49,""Q3->Q3"":83,""Q3->Q4"":46,""Q4->Q1"":49,""Q4->Q2"":30,""Q4->Q3"":77,""Q4->Q4"":76}",,headline
seven_topic_union,leave_topic_out,technology_ai,adjusted_loss_corr,eligible_both,34453,1258,1258,0.17665343947654202,0.1175488342875643,0.2138728323699422,0.2,0.3523809523809524,0.3523809523809524,0.3333333333333333,0.3333333333333333,0.20952380952380953,0.11746031746031746,"{""Q1->Q1"":105,""Q1->Q2"":101,""Q1->Q3"":72,""Q1->Q4"":37,""Q2->Q1"":73,""Q2->Q2"":77,""Q2->Q3"":89,""Q2->Q4"":75,""Q3->Q1"":71,""Q3->Q2"":66,""Q3->Q3"":85,""Q3->Q4"":92,""Q4->Q1"":66,""Q4->Q2"":70,""Q4->Q3"":68,""Q4->Q4"":111}",,headline
official_full,inclusive_global,climate_weather,adjusted_pog,near_bi_both,34453,1183,1183,0.723164503233993,0.6517007956490313,0.47381546134663344,0.34851936218678814,0.6418918918918919,0.6440677966101694,0.5168918918918919,0.5168918918918919,0.006756756756756757,0.030508474576271188,"{""Q1->Q1"":153,""Q1->Q2"":93,""Q1->Q3"":41,""Q1->Q4"":9,""Q2->Q1"":110,""Q2->Q2"":121,""Q2->Q3"":46,""Q2->Q4"":19,""Q3->Q1"":31,""Q3->Q2"":69,""Q3->Q3"":118,""Q3->Q4"":77,""Q4->Q1"":2,""Q4->Q2"":13,""Q4->Q3"":91,""Q4->Q4"":190}",,headline
official_full,inclusive_global,climate_weather,high_loss_lift,near_bi_both,34453,1183,1183,0.6832400037498674,0.6969095886284471,0.472636815920398,0.3767441860465116,0.6418918918918919,0.6418918918918919,0.5472972972972973,0.5472972972972973,0.037162162162162164,0.016891891891891893,"{""Q1->Q1"":162,""Q1->Q2"":103,""Q1->Q3"":26,""Q1->Q4"":5,""Q2->Q1"":70,""Q2->Q2"":119,""Q2->Q3"":79,""Q2->Q4"":28,""Q3->Q1"":53,""Q3->Q2"":58,""Q3->Q3"":111,""Q3->Q4"":73,""Q4->Q1"":11,""Q4->Q2"":16,""Q4->Q3"":79,""Q4->Q4"":190}",,headline
official_full,inclusive_global,climate_weather,adjusted_loss_corr,near_bi_both,34453,1183,1183,0.6919838963865704,0.7497559989893471,0.48,0.4095238095238095,0.6486486486486487,0.6486486486486487,0.581081081081081,0.581081081081081,0.006756756756756757,0.030405405405405407,"{""Q1->Q1"":172,""Q1->Q2"":83,""Q1->Q3"":32,""Q1->Q4"":9,""Q2->Q1"":89,""Q2->Q2"":105,""Q2->Q3"":80,""Q2->Q4"":22,""Q3->Q1"":33,""Q3->Q2"":82,""Q3->Q3"":107,""Q3->Q4"":73,""Q4->Q1"":2,""Q4->Q2"":26,""Q4->Q3"":76,""Q4->Q4"":192}",,headline
official_full,inclusive_global,climate_weather,adjusted_pog,eligible_both,34453,11327,11327,0.6492489836018591,0.6014886268639921,0.4068554396423249,0.3492139113863745,0.5783898305084746,0.5783898305084746,0.5176553672316384,0.5176553672316384,0.01059322033898305,0.04413841807909605,"{""Q1->Q1"":1466,""Q1->Q2"":887,""Q1->Q3"":354,""Q1->Q4"":125,""Q2->Q1"":967,""Q2->Q2"":995,""Q2->Q3"":544,""Q2->Q4"":326,""Q3->Q1"":369,""Q3->Q2"":720,""Q3->Q3"":999,""Q3->Q4"":743,""Q4->Q1"":30,""Q4->Q2"":230,""Q4->Q3"":934,""Q4->Q4"":1638}",,headline
official_full,inclusive_global,climate_weather,high_loss_lift,eligible_both,34453,11327,11327,0.6300415397915123,0.7330940868684958,0.46799689038611036,0.39610549667241807,0.6377118644067796,0.6374867631486058,0.5674435028248588,0.5674435028248588,0.06320621468926553,0.032827391457818565,"{""Q1->Q1"":1607,""Q1->Q2"":775,""Q1->Q3"":357,""Q1->Q4"":93,""Q2->Q1"":688,""Q2->Q2"":969,""Q2->Q3"":913,""Q2->Q4"":262,""Q3->Q1"":358,""Q3->Q2"":804,""Q3->Q3"":997,""Q3->Q4"":672,""Q4->Q1"":179,""Q4->Q2"":284,""Q4->Q3"":563,""Q4->Q4"":1806}",,headline
official_full,inclusive_global,climate_weather,adjusted_loss_corr,eligible_both,34453,11327,11327,0.6823944531582447,0.7274603404209954,0.4608045384218669,0.416,0.631002824858757,0.630780091775503,0.5875706214689266,0.5875706214689266,0.012711864406779662,0.03741616660783621,"{""Q1->Q1"":1664,""Q1->Q2"":747,""Q1->Q3"":315,""Q1->Q4"":106,""Q2->Q1"":821,""Q2->Q2"":1020,""Q2->Q3"":677,""Q2->Q4"":314,""Q3->Q1"":311,""Q3->Q2"":817,""Q3->Q3"":1077,""Q3->Q4"":626,""Q4->Q1"":36,""Q4->Q2"":247,""Q4->Q3"":762,""Q4->Q4"":1787}",,headline
official_full,inclusive_global,entertainment_culture,adjusted_pog,near_bi_both,34453,56,56,0.43998632946001365,0.4776768487711846,0.21739130434782608,0.4,0.35714285714285715,0.35714285714285715,0.5714285714285714,0.5714285714285714,0.0,0.21428571428571427,"{""Q1->Q1"":8,""Q1->Q2"":2,""Q1->Q3"":1,""Q1->Q4"":3,""Q2->Q1"":3,""Q2->Q2"":6,""Q2->Q3"":3,""Q2->Q4"":2,""Q3->Q1"":3,""Q3->Q2"":3,""Q3->Q3"":4,""Q3->Q4"":4,""Q4->Q1"":0,""Q4->Q2"":3,""Q4->Q3"":6,""Q4->Q4"":5}",,limited
official_full,inclusive_global,entertainment_culture,high_loss_lift,near_bi_both,34453,56,19,,,,,,,,,,,"{""Q1->Q1"":3,""Q1->Q2"":1,""Q1->Q3"":1,""Q1->Q4"":0,""Q2->Q1"":4,""Q2->Q2"":1,""Q2->Q3"":0,""Q2->Q4"":0,""Q3->Q1"":0,""Q3->Q2"":0,""Q3->Q3"":1,""Q3->Q4"":3,""Q4->Q1"":0,""Q4->Q2"":1,""Q4->Q3"":2,""Q4->Q4"":2}",defined_count_19_below_reporting_min_30,insufficient
official_full,inclusive_global,entertainment_culture,adjusted_loss_corr,near_bi_both,34453,56,56,0.35871496924128504,0.3143412760822602,0.47368421052631576,0.12,0.6428571428571429,0.6428571428571429,0.21428571428571427,0.21428571428571427,0.14285714285714285,0.07142857142857142,"{""Q1->Q1"":3,""Q1->Q2"":7,""Q1->Q3"":3,""Q1->Q4"":1,""Q2->Q1"":6,""Q2->Q2"":2,""Q2->Q3"":4,""Q2->Q4"":2,""Q3->Q1"":3,""Q3->Q2"":4,""Q3->Q3"":5,""Q3->Q4"":2,""Q4->Q1"":2,""Q4->Q2"":1,""Q4->Q3"":2,""Q4->Q4"":9}",,limited
official_full,inclusive_global,entertainment_culture,adjusted_pog,eligible_both,34453,198,198,0.2881667219345459,0.26005793551170153,0.25,0.28205128205128205,0.4,0.4,0.44,0.44,0.06,0.12,"{""Q1->Q1"":22,""Q1->Q2"":11,""Q1->Q3"":11,""Q1->Q4"":6,""Q2->Q1"":12,""Q2->Q2"":11,""Q2->Q3"":12,""Q2->Q4"":14,""Q3->Q1"":13,""Q3->Q2"":14,""Q3->Q3"":12,""Q3->Q4"":10,""Q4->Q1"":3,""Q4->Q2"":13,""Q4->Q3"":14,""Q4->Q4"":20}",,headline
official_full,inclusive_global,entertainment_culture,high_loss_lift,eligible_both,34453,198,92,0.5250097747219905,0.2874045520869471,0.29411764705882354,0.4117647058823529,0.43478260869565216,0.47619047619047616,0.6086956521739131,0.56,0.0,0.0,"{""Q1->Q1"":14,""Q1->Q2"":2,""Q1->Q3"":7,""Q1->Q4"":0,""Q2->Q1"":9,""Q2->Q2"":6,""Q2->Q3"":6,""Q2->Q4"":2,""Q3->Q1"":2,""Q3->Q2"":7,""Q3->Q3"":5,""Q3->Q4"":9,""Q4->Q1"":0,""Q4->Q2"":4,""Q4->Q3"":9,""Q4->Q4"":10}",,limited
official_full,inclusive_global,entertainment_culture,adjusted_loss_corr,eligible_both,34453,198,198,0.12975893155981416,0.08320079528174805,0.20481927710843373,0.17647058823529413,0.34,0.34,0.3,0.3,0.16,0.2,"{""Q1->Q1"":15,""Q1->Q2"":10,""Q1->Q3"":15,""Q1->Q4"":10,""Q2->Q1"":13,""Q2->Q2"":15,""Q2->Q3"":10,""Q2->Q4"":11,""Q3->Q1"":14,""Q3->Q2"":15,""Q3->Q3"":8,""Q3->Q4"":12,""Q4->Q1"":8,""Q4->Q2"":9,""Q4->Q3"":16,""Q4->Q4"":17}",,headline
official_full,inclusive_global,finance_economics,adjusted_pog,near_bi_both,34453,1707,1707,0.8161933544230235,0.8304614453869766,0.5583941605839416,0.5035211267605634,0.7166276346604216,0.7166276346604216,0.6697892271662763,0.6697892271662763,0.0,0.02107728337236534,"{""Q1->Q1"":286,""Q1->Q2"":99,""Q1->Q3"":33,""Q1->Q4"":9,""Q2->Q1"":121,""Q2->Q2"":191,""Q2->Q3"":94,""Q2->Q4"":21,""Q3->Q1"":20,""Q3->Q2"":131,""Q3->Q3"":184,""Q3->Q4"":91,""Q4->Q1"":0,""Q4->Q2"":6,""Q4->Q3"":115,""Q4->Q4"":306}",,headline
official_full,inclusive_global,finance_economics,high_loss_lift,near_bi_both,34453,1707,1707,0.7488199271820576,0.8198879085065346,0.587360594795539,0.4800693240901213,0.7400468384074942,0.7400468384074942,0.6487119437939111,0.6487119437939111,0.03747072599531616,0.0117096018735363,"{""Q1->Q1"":277,""Q1->Q2"":121,""Q1->Q3"":24,""Q1->Q4"":5,""Q2->Q1"":90,""Q2->Q2"":175,""Q2->Q3"":135,""Q2->Q4"":27,""Q3->Q1"":44,""Q3->Q2"":109,""Q3->Q3"":194,""Q3->Q4"":79,""Q4->Q1"":16,""Q4->Q2"":22,""Q4->Q3"":73,""Q4->Q4"":316}",,headline
official_full,inclusive_global,finance_economics,adjusted_loss_corr,near_bi_both,34453,1707,1707,0.7521152455660394,0.8211536287992104,0.5277280858676208,0.4826388888888889,0.6908665105386417,0.6908665105386417,0.6510538641686182,0.6510538641686182,0.01639344262295082,0.0117096018735363,"{""Q1->Q1"":278,""Q1->Q2"":107,""Q1->Q3"":37,""Q1->Q4"":5,""Q2->Q1"":96,""Q2->Q2"":171,""Q2->Q3"":125,""Q2->Q4"":35,""Q3->Q1"":46,""Q3->Q2"":116,""Q3->Q3"":172,""Q3->Q4"":92,""Q4->Q1"":7,""Q4->Q2"":33,""Q4->Q3"":92,""Q4->Q4"":295}",,headline
official_full,inclusive_global,finance_economics,adjusted_pog,eligible_both,34453,11327,11327,0.7347333750329688,0.7527591747596009,0.5031847133757962,0.4401220442410374,0.6694915254237288,0.6694915254237288,0.611228813559322,0.611228813559322,0.0,0.042725988700564974,"{""Q1->Q1"":1731,""Q1->Q2"":692,""Q1->Q3"":288,""Q1->Q4"":121,""Q2->Q1"":875,""Q2->Q2"":1035,""Q2->Q3"":664,""Q2->Q4"":258,""Q3->Q1"":226,""Q3->Q2"":965,""Q3->Q3"":1083,""Q3->Q4"":557,""Q4->Q1"":0,""Q4->Q2"":140,""Q4->Q3"":796,""Q4->Q4"":1896}",,headline
official_full,inclusive_global,finance_economics,high_loss_lift,eligible_both,34453,11327,11327,0.7163633441015637,0.8312732505817055,0.5454297407912687,0.46017014694508895,0.705861581920904,0.705861581920904,0.6302966101694916,0.6302966101694916,0.0423728813559322,0.020127118644067795,"{""Q1->Q1"":1785,""Q1->Q2"":713,""Q1->Q3"":277,""Q1->Q4"":57,""Q2->Q1"":618,""Q2->Q2"":1245,""Q2->Q3"":822,""Q2->Q4"":147,""Q3->Q1"":309,""Q3->Q2"":695,""Q3->Q3"":1198,""Q3->Q4"":629,""Q4->Q1"":120,""Q4->Q2"":179,""Q4->Q3"":534,""Q4->Q4"":1999}",,headline
official_full,inclusive_global,finance_economics,adjusted_loss_corr,eligible_both,34453,11327,11327,0.7166610299314556,0.787263495265147,0.4831107619795758,0.456415530984829,0.6514830508474576,0.6514830508474576,0.6267655367231638,0.6267655367231638,0.01765536723163842,0.029661016949152543,"{""Q1->Q1"":1775,""Q1->Q2"":691,""Q1->Q3"":282,""Q1->Q4"":84,""Q2->Q1"":725,""Q2->Q2"":1094,""Q2->Q3"":771,""Q2->Q4"":242,""Q3->Q1"":282,""Q3->Q2"":772,""Q3->Q3"":1116,""Q3->Q4"":661,""Q4->Q1"":50,""Q4->Q2"":275,""Q4->Q3"":662,""Q4->Q4"":1845}",,headline
official_full,inclusive_global,health_science,adjusted_pog,near_bi_both,34453,1446,1446,0.4232344760875867,0.3940610061852479,0.2617801047120419,0.2974910394265233,0.4143646408839779,0.4155124653739612,0.4585635359116022,0.4585635359116022,0.08287292817679558,0.09141274238227147,"{""Q1->Q1"":166,""Q1->Q2"":112,""Q1->Q3"":51,""Q1->Q4"":33,""Q2->Q1"":100,""Q2->Q2"":96,""Q2->Q3"":82,""Q2->Q4"":83,""Q3->Q1"":66,""Q3->Q2"":90,""Q3->Q3"":110,""Q3->Q4"":95,""Q4->Q1"":30,""Q4->Q2"":63,""Q4->Q3"":119,""Q4->Q4"":150}",,headline
official_full,inclusive_global,health_science,high_loss_lift,near_bi_both,34453,1446,287,0.3264770445950404,0.16440030086892826,0.2767857142857143,0.2545454545454545,0.43661971830985913,0.4305555555555556,0.5833333333333334,0.3111111111111111,0.30985915492957744,0.09722222222222222,"{""Q1->Q1"":42,""Q1->Q2"":3,""Q1->Q3"":20,""Q1->Q4"":7,""Q2->Q1"":41,""Q2->Q2"":6,""Q2->Q3"":18,""Q2->Q4"":7,""Q3->Q1"":30,""Q3->Q2"":0,""Q3->Q3"":15,""Q3->Q4"":27,""Q4->Q1"":22,""Q4->Q2"":0,""Q4->Q3"":18,""Q4->Q4"":31}",,headline
official_full,inclusive_global,health_science,adjusted_loss_corr,near_bi_both,34453,1446,1446,0.17841412371775348,0.193882457720663,0.2354948805460751,0.17532467532467533,0.3812154696132597,0.3812154696132597,0.2983425414364641,0.2983425414364641,0.16574585635359115,0.20718232044198895,"{""Q1->Q1"":108,""Q1->Q2"":92,""Q1->Q3"":87,""Q1->Q4"":75,""Q2->Q1"":108,""Q2->Q2"":96,""Q2->Q3"":90,""Q2->Q4"":67,""Q3->Q1"":86,""Q3->Q2"":98,""Q3->Q3"":95,""Q3->Q4"":82,""Q4->Q1"":60,""Q4->Q2"":75,""Q4->Q3"":89,""Q4->Q4"":138}",,headline
official_full,inclusive_global,health_science,adjusted_pog,eligible_both,34453,11327,11327,0.32890857251253186,0.3352413968469618,0.24867724867724866,0.2519893899204244,0.3983050847457627,0.3983050847457627,0.4025423728813559,0.4025423728813559,0.10875706214689265,0.16596045197740114,"{""Q1->Q1"":1140,""Q1->Q2"":734,""Q1->Q3"":488,""Q1->Q4"":470,""Q2->Q1"":844,""Q2->Q2"":870,""Q2->Q3"":625,""Q2->Q4"":493,""Q3->Q1"":540,""Q3->Q2"":746,""Q3->Q3"":804,""Q3->Q4"":741,""Q4->Q1"":308,""Q4->Q2"":482,""Q4->Q3"":914,""Q4->Q4"":1128}",,headline
official_full,inclusive_global,health_science,high_loss_lift,eligible_both,34453,11327,3548,0.11643904414899953,0.3120001795609205,0.3027859237536657,0.16533758639021798,0.46561443066516345,0.4640449438202247,0.3506200676437429,0.23831417624521073,0.4633596392333709,0.1258426966292135,"{""Q1->Q1"":311,""Q1->Q2"":153,""Q1->Q3"":311,""Q1->Q4"":112,""Q2->Q1"":222,""Q2->Q2"":156,""Q2->Q3"":353,""Q2->Q4"":156,""Q3->Q1"":361,""Q3->Q2"":117,""Q3->Q3"":200,""Q3->Q4"":209,""Q4->Q1"":411,""Q4->Q2"":26,""Q4->Q3"":37,""Q4->Q4"":413}",,headline
official_full,inclusive_global,health_science,adjusted_loss_corr,eligible_both,34453,11327,11327,0.29320898143483554,0.3216700902731996,0.2589464325405646,0.22253399525145695,0.4113700564971751,0.4113700564971751,0.3640536723163842,0.3640536723163842,0.10769774011299435,0.1649011299435028,"{""Q1->Q1"":1031,""Q1->Q2"":803,""Q1->Q3"":531,""Q1->Q4"":467,""Q2->Q1"":857,""Q2->Q2"":734,""Q2->Q3"":700,""Q2->Q4"":541,""Q3->Q1"":639,""Q3->Q2"":737,""Q3->Q3"":796,""Q3->Q4"":659,""Q4->Q1"":305,""Q4->Q2"":558,""Q4->Q3"":804,""Q4->Q4"":1165}",,headline
official_full,inclusive_global,politics_conflict,adjusted_pog,near_bi_both,34453,2041,2041,0.656335740398157,0.6779379440202228,0.4068965517241379,0.39808481532147744,0.5784313725490197,0.5784313725490197,0.5694716242661448,0.5694716242661448,0.025490196078431372,0.03529411764705882,"{""Q1->Q1"":291,""Q1->Q2"":120,""Q1->Q3"":82,""Q1->Q4"":18,""Q2->Q1"":161,""Q2->Q2"":193,""Q2->Q3"":108,""Q2->Q4"":48,""Q3->Q1"":46,""Q3->Q2"":135,""Q3->Q3"":180,""Q3->Q4"":149,""Q4->Q1"":13,""Q4->Q2"":62,""Q4->Q3"":140,""Q4->Q4"":295}",,headline
official_full,inclusive_global,politics_conflict,high_loss_lift,near_bi_both,34453,2041,2041,0.5996645537924836,0.6440046253759938,0.4585714285714286,0.3342036553524804,0.6294117647058823,0.6281800391389433,0.5009784735812133,0.5009784735812133,0.03137254901960784,0.06653620352250489,"{""Q1->Q1"":256,""Q1->Q2"":141,""Q1->Q3"":80,""Q1->Q4"":34,""Q2->Q1"":177,""Q2->Q2"":159,""Q2->Q3"":124,""Q2->Q4"":50,""Q3->Q1"":62,""Q3->Q2"":163,""Q3->Q3"":179,""Q3->Q4"":106,""Q4->Q1"":16,""Q4->Q2"":47,""Q4->Q3"":126,""Q4->Q4"":321}",,headline
official_full,inclusive_global,politics_conflict,adjusted_loss_corr,near_bi_both,34453,2041,2041,0.6296136004606602,0.7087305769290387,0.44680851063829785,0.3718120805369127,0.6176470588235294,0.6176470588235294,0.5420743639921722,0.5420743639921722,0.01764705882352941,0.043137254901960784,"{""Q1->Q1"":277,""Q1->Q2"":132,""Q1->Q3"":80,""Q1->Q4"":22,""Q2->Q1"":154,""Q2->Q2"":175,""Q2->Q3"":112,""Q2->Q4"":69,""Q3->Q1"":71,""Q3->Q2"":152,""Q3->Q3"":183,""Q3->Q4"":104,""Q4->Q1"":9,""Q4->Q2"":51,""Q4->Q3"":135,""Q4->Q4"":315}",,headline
official_full,inclusive_global,politics_conflict,adjusted_pog,eligible_both,34453,11327,11327,0.521933611427395,0.5239854420542422,0.33900709219858155,0.3453681710213777,0.5063559322033898,0.5063559322033898,0.5134180790960452,0.5134180790960452,0.03637005649717514,0.09216101694915255,"{""Q1->Q1"":1454,""Q1->Q2"":662,""Q1->Q3"":455,""Q1->Q4"":261,""Q2->Q1"":868,""Q2->Q2"":981,""Q2->Q3"":599,""Q2->Q4"":384,""Q3->Q1"":407,""Q3->Q2"":752,""Q3->Q3"":919,""Q3->Q4"":753,""Q4->Q1"":103,""Q4->Q2"":437,""Q4->Q3"":858,""Q4->Q4"":1434}",,headline
official_full,inclusive_global,politics_conflict,high_loss_lift,eligible_both,34453,11327,11327,0.60441395242679,0.7139657164878805,0.4404883011190234,0.3472882968601332,0.6115819209039548,0.6115819209039548,0.5155367231638418,0.5155367231638418,0.053319209039548024,0.05402542372881356,"{""Q1->Q1"":1460,""Q1->Q2"":767,""Q1->Q3"":452,""Q1->Q4"":153,""Q2->Q1"":787,""Q2->Q2"":1152,""Q2->Q3"":604,""Q2->Q4"":289,""Q3->Q1"":434,""Q3->Q2"":742,""Q3->Q3"":997,""Q3->Q4"":658,""Q4->Q1"":151,""Q4->Q2"":171,""Q4->Q3"":778,""Q4->Q4"":1732}",,headline
official_full,inclusive_global,politics_conflict,adjusted_loss_corr,eligible_both,34453,11327,11327,0.6221468889353892,0.6971472850961014,0.4511913912375096,0.34186211798152094,0.621822033898305,0.621822033898305,0.5095338983050848,0.5095338983050848,0.028954802259887006,0.055437853107344635,"{""Q1->Q1"":1443,""Q1->Q2"":846,""Q1->Q3"":386,""Q1->Q4"":157,""Q2->Q1"":854,""Q2->Q2"":980,""Q2->Q3"":696,""Q2->Q4"":302,""Q3->Q1"":453,""Q3->Q2"":732,""Q3->Q3"":1034,""Q3->Q4"":612,""Q4->Q1"":82,""Q4->Q2"":274,""Q4->Q3"":715,""Q4->Q4"":1761}",,headline
official_full,inclusive_global,sports,adjusted_pog,near_bi_both,34453,1070,1070,0.5249235699574152,0.5704516781132122,0.4217506631299735,0.32019704433497537,0.5932835820895522,0.5932835820895522,0.48507462686567165,0.48507462686567165,0.041044776119402986,0.026119402985074626,"{""Q1->Q1"":130,""Q1->Q2"":85,""Q1->Q3"":46,""Q1->Q4"":7,""Q2->Q1"":59,""Q2->Q2"":73,""Q2->Q3"":87,""Q2->Q4"":48,""Q3->Q1"":68,""Q3->Q2"":67,""Q3->Q3"":78,""Q3->Q4"":54,""Q4->Q1"":11,""Q4->Q2"":42,""Q4->Q3"":56,""Q4->Q4"":159}",,headline
official_full,inclusive_global,sports,high_loss_lift,near_bi_both,34453,1070,1070,0.4871712823269036,0.49747033533328117,0.3673469387755102,0.30413625304136255,0.5373134328358209,0.5373134328358209,0.4664179104477612,0.4664179104477612,0.15671641791044777,0.04477611940298507,"{""Q1->Q1"":125,""Q1->Q2"":85,""Q1->Q3"":46,""Q1->Q4"":12,""Q2->Q1"":62,""Q2->Q2"":96,""Q2->Q3"":75,""Q2->Q4"":34,""Q3->Q1"":39,""Q3->Q2"":53,""Q3->Q3"":97,""Q3->Q4"":78,""Q4->Q1"":42,""Q4->Q2"":33,""Q4->Q3"":49,""Q4->Q4"":144}",,headline
official_full,inclusive_global,sports,adjusted_loss_corr,near_bi_both,34453,1070,1070,0.5979587576205632,0.6982321191490006,0.4105263157894737,0.3569620253164557,0.582089552238806,0.582089552238806,0.5261194029850746,0.5261194029850746,0.048507462686567165,0.03731343283582089,"{""Q1->Q1"":141,""Q1->Q2"":73,""Q1->Q3"":44,""Q1->Q4"":10,""Q2->Q1"":74,""Q2->Q2"":79,""Q2->Q3"":76,""Q2->Q4"":38,""Q3->Q1"":40,""Q3->Q2"":81,""Q3->Q3"":82,""Q3->Q4"":64,""Q4->Q1"":13,""Q4->Q2"":34,""Q4->Q3"":65,""Q4->Q4"":156}",,headline
official_full,inclusive_global,sports,adjusted_pog,eligible_both,34453,11327,11327,0.44739565387910546,0.4739878462136612,0.291970802919708,0.3181289271584827,0.4519774011299435,0.4519774011299435,0.4826977401129944,0.4826977401129944,0.09463276836158192,0.07097457627118645,"{""Q1->Q1"":1367,""Q1->Q2"":804,""Q1->Q3"":460,""Q1->Q4"":201,""Q2->Q1"":688,""Q2->Q2"":726,""Q2->Q3"":865,""Q2->Q4"":553,""Q3->Q1"":509,""Q3->Q2"":744,""Q3->Q3"":780,""Q3->Q4"":798,""Q4->Q1"":268,""Q4->Q2"":557,""Q4->Q3"":727,""Q4->Q4"":1280}",,headline
official_full,inclusive_global,sports,high_loss_lift,eligible_both,34453,11327,11327,0.5009578662949828,0.47319633925557014,0.3532504780114723,0.3323923782639379,0.5218926553672316,0.5222614840989399,0.4989406779661017,0.4989406779661017,0.11087570621468927,0.07879858657243816,"{""Q1->Q1"":1413,""Q1->Q2"":838,""Q1->Q3"":358,""Q1->Q4"":223,""Q2->Q1"":693,""Q2->Q2"":862,""Q2->Q3"":852,""Q2->Q4"":425,""Q3->Q1"":412,""Q3->Q2"":797,""Q3->Q3"":918,""Q3->Q4"":704,""Q4->Q1"":314,""Q4->Q2"":332,""Q4->Q3"":708,""Q4->Q4"":1478}",,headline
official_full,inclusive_global,sports,adjusted_loss_corr,eligible_both,34453,11327,11327,0.5916028267068677,0.6657890775788675,0.37978075517661386,0.3764277035236938,0.5504943502824858,0.5504943502824858,0.5469632768361582,0.5469632768361582,0.045550847457627115,0.06673728813559322,"{""Q1->Q1"":1549,""Q1->Q2"":712,""Q1->Q3"":382,""Q1->Q4"":189,""Q2->Q1"":770,""Q2->Q2"":939,""Q2->Q3"":772,""Q2->Q4"":351,""Q3->Q1"":384,""Q3->Q2"":821,""Q3->Q3"":893,""Q3->Q4"":733,""Q4->Q1"":129,""Q4->Q2"":360,""Q4->Q3"":784,""Q4->Q4"":1559}",,headline
official_full,inclusive_global,technology_ai,adjusted_pog,near_bi_both,34453,193,193,0.38640263607713266,0.33200953972375913,0.24675324675324675,0.3424657534246575,0.3958333333333333,0.3958333333333333,0.5102040816326531,0.5102040816326531,0.125,0.125,"{""Q1->Q1"":25,""Q1->Q2"":11,""Q1->Q3"":7,""Q1->Q4"":6,""Q2->Q1"":11,""Q2->Q2"":15,""Q2->Q3"":14,""Q2->Q4"":8,""Q3->Q1"":7,""Q3->Q2"":9,""Q3->Q3"":17,""Q3->Q4"":15,""Q4->Q1"":6,""Q4->Q2"":13,""Q4->Q3"":10,""Q4->Q4"":19}",,headline
official_full,inclusive_global,technology_ai,high_loss_lift,near_bi_both,34453,193,139,0.10361912876703251,0.06395194426059071,0.1076923076923077,0.2962962962962963,0.2,0.1891891891891892,0.45714285714285713,0.45714285714285713,0.14285714285714285,0.2702702702702703,"{""Q1->Q1"":16,""Q1->Q2"":1,""Q1->Q3"":8,""Q1->Q4"":10,""Q2->Q1"":10,""Q2->Q2"":9,""Q2->Q3"":6,""Q2->Q4"":10,""Q3->Q1"":4,""Q3->Q2"":14,""Q3->Q3"":6,""Q3->Q4"":10,""Q4->Q1"":5,""Q4->Q2"":11,""Q4->Q3"":12,""Q4->Q4"":7}",,headline
official_full,inclusive_global,technology_ai,adjusted_loss_corr,near_bi_both,34453,193,193,0.08996748304043588,0.12703829684619516,0.12941176470588237,0.2564102564102564,0.22916666666666666,0.22916666666666666,0.40816326530612246,0.40816326530612246,0.14583333333333334,0.3125,"{""Q1->Q1"":20,""Q1->Q2"":7,""Q1->Q3"":7,""Q1->Q4"":15,""Q2->Q1"":12,""Q2->Q2"":14,""Q2->Q3"":10,""Q2->Q4"":12,""Q3->Q1"":10,""Q3->Q2"":12,""Q3->Q3"":16,""Q3->Q4"":10,""Q4->Q1"":7,""Q4->Q2"":15,""Q4->Q3"":15,""Q4->Q4"":11}",,headline
official_full,inclusive_global,technology_ai,adjusted_pog,eligible_both,34453,1258,1258,0.24081035118494482,0.2283974536143936,0.2328767123287671,0.2045889101338432,0.37777777777777777,0.37777777777777777,0.3396825396825397,0.3396825396825397,0.11746031746031746,0.18095238095238095,"{""Q1->Q1"":107,""Q1->Q2"":79,""Q1->Q3"":72,""Q1->Q4"":57,""Q2->Q1"":103,""Q2->Q2"":77,""Q2->Q3"":72,""Q2->Q4"":62,""Q3->Q1"":68,""Q3->Q2"":86,""Q3->Q3"":83,""Q3->Q4"":77,""Q4->Q1"":37,""Q4->Q2"":72,""Q4->Q3"":87,""Q4->Q4"":119}",,headline
official_full,inclusive_global,technology_ai,high_loss_lift,eligible_both,34453,1258,928,0.19630586170655037,0.062057504408420755,0.19896640826873385,0.20202020202020202,0.33189655172413796,0.33189655172413796,0.3448275862068966,0.32786885245901637,0.20689655172413793,0.25,"{""Q1->Q1"":80,""Q1->Q2"":64,""Q1->Q3"":30,""Q1->Q4"":58,""Q2->Q1"":62,""Q2->Q2"":83,""Q2->Q3"":37,""Q2->Q4"":50,""Q3->Q1"":54,""Q3->Q2"":45,""Q3->Q3"":86,""Q3->Q4"":47,""Q4->Q1"":48,""Q4->Q2"":29,""Q4->Q3"":78,""Q4->Q4"":77}",,headline
official_full,inclusive_global,technology_ai,adjusted_loss_corr,eligible_both,34453,1258,1258,0.26677203176103637,0.1999775009071417,0.25748502994011974,0.22330097087378642,0.4095238095238095,0.4095238095238095,0.36507936507936506,0.36507936507936506,0.17142857142857143,0.08888888888888889,"{""Q1->Q1"":115,""Q1->Q2"":104,""Q1->Q3"":68,""Q1->Q4"":28,""Q2->Q1"":83,""Q2->Q2"":78,""Q2->Q3"":83,""Q2->Q4"":70,""Q3->Q1"":63,""Q3->Q2"":74,""Q3->Q3"":89,""Q3->Q4"":88,""Q4->Q1"":54,""Q4->Q2"":58,""Q4->Q3"":74,""Q4->Q4"":129}",,headline
seven_topic_union,inclusive_global,climate_weather,adjusted_pog,near_bi_both,34453,1203,1203,0.744495729412741,0.6810440167174111,0.4975124378109453,0.37757437070938216,0.6644518272425249,0.6644518272425249,0.5481727574750831,0.5481727574750831,0.0,0.03322259136212625,"{""Q1->Q1"":165,""Q1->Q2"":94,""Q1->Q3"":32,""Q1->Q4"":10,""Q2->Q1"":106,""Q2->Q2"":127,""Q2->Q3"":52,""Q2->Q4"":16,""Q3->Q1"":30,""Q3->Q2"":69,""Q3->Q3"":126,""Q3->Q4"":75,""Q4->Q1"":0,""Q4->Q2"":11,""Q4->Q3"":90,""Q4->Q4"":200}",,headline
seven_topic_union,inclusive_global,climate_weather,high_loss_lift,near_bi_both,34453,1203,1203,0.7019285206323425,0.7283109260241755,0.47911547911547914,0.3830275229357798,0.6478405315614618,0.6478405315614618,0.5548172757475083,0.5529801324503312,0.03986710963455149,0.023255813953488372,"{""Q1->Q1"":167,""Q1->Q2"":104,""Q1->Q3"":23,""Q1->Q4"":7,""Q2->Q1"":76,""Q2->Q2"":121,""Q2->Q3"":83,""Q2->Q4"":21,""Q3->Q1"":47,""Q3->Q2"":63,""Q3->Q3"":112,""Q3->Q4"":78,""Q4->Q1"":12,""Q4->Q2"":12,""Q4->Q3"":82,""Q4->Q4"":195}",,headline
seven_topic_union,inclusive_global,climate_weather,adjusted_loss_corr,near_bi_both,34453,1203,1203,0.7198780520236789,0.7745324089464767,0.5087719298245614,0.4164705882352941,0.6744186046511628,0.6744186046511628,0.5880398671096345,0.5880398671096345,0.0033222591362126247,0.029900332225913623,"{""Q1->Q1"":177,""Q1->Q2"":80,""Q1->Q3"":35,""Q1->Q4"":9,""Q2->Q1"":96,""Q2->Q2"":110,""Q2->Q3"":77,""Q2->Q4"":18,""Q3->Q1"":27,""Q3->Q2"":86,""Q3->Q3"":116,""Q3->Q4"":71,""Q4->Q1"":1,""Q4->Q2"":25,""Q4->Q3"":72,""Q4->Q4"":203}",,headline
seven_topic_union,inclusive_global,climate_weather,adjusted_pog,eligible_both,34453,11327,11327,0.65479954131129,0.6082398446690369,0.4107098381070984,0.35050071530758226,0.582274011299435,0.582274011299435,0.5190677966101694,0.5190677966101694,0.007062146892655367,0.044844632768361585,"{""Q1->Q1"":1470,""Q1->Q2"":890,""Q1->Q3"":345,""Q1->Q4"":127,""Q2->Q1"":968,""Q2->Q2"":1002,""Q2->Q3"":550,""Q2->Q4"":312,""Q3->Q1"":374,""Q3->Q2"":708,""Q3->Q3"":1005,""Q3->Q4"":744,""Q4->Q1"":20,""Q4->Q2"":232,""Q4->Q3"":931,""Q4->Q4"":1649}",,headline
seven_topic_union,inclusive_global,climate_weather,high_loss_lift,eligible_both,34453,11327,11327,0.6387303768749976,0.7420369023961645,0.47257603327268,0.39782823297137215,0.6419491525423728,0.6417225555947759,0.5692090395480226,0.5692090395480226,0.05967514124293785,0.03600423579244617,"{""Q1->Q1"":1612,""Q1->Q2"":777,""Q1->Q3"":341,""Q1->Q4"":102,""Q2->Q1"":710,""Q2->Q2"":976,""Q2->Q3"":901,""Q2->Q4"":245,""Q3->Q1"":341,""Q3->Q2"":786,""Q3->Q3"":1036,""Q3->Q4"":668,""Q4->Q1"":169,""Q4->Q2"":293,""Q4->Q3"":552,""Q4->Q4"":1818}",,headline
seven_topic_union,inclusive_global,climate_weather,adjusted_loss_corr,eligible_both,34453,11327,11327,0.7034900435738869,0.7435745825343365,0.476029181865555,0.4313874147081122,0.6451271186440678,0.6448993999294035,0.6027542372881356,0.6027542372881356,0.009180790960451978,0.03741616660783621,"{""Q1->Q1"":1707,""Q1->Q2"":732,""Q1->Q3"":287,""Q1->Q4"":106,""Q2->Q1"":829,""Q2->Q2"":1050,""Q2->Q3"":678,""Q2->Q4"":275,""Q3->Q1"":270,""Q3->Q2"":807,""Q3->Q3"":1129,""Q3->Q4"":625,""Q4->Q1"":26,""Q4->Q2"":242,""Q4->Q3"":737,""Q4->Q4"":1827}",,headline
seven_topic_union,inclusive_global,entertainment_culture,adjusted_pog,near_bi_both,34453,56,56,0.26062884483937115,0.2947252165279012,0.21739130434782608,0.2727272727272727,0.35714285714285715,0.35714285714285715,0.42857142857142855,0.42857142857142855,0.07142857142857142,0.2857142857142857,"{""Q1->Q1"":6,""Q1->Q2"":2,""Q1->Q3"":2,""Q1->Q4"":4,""Q2->Q1"":4,""Q2->Q2"":6,""Q2->Q3"":3,""Q2->Q4"":1,""Q3->Q1"":3,""Q3->Q2"":2,""Q3->Q3"":5,""Q3->Q4"":4,""Q4->Q1"":1,""Q4->Q2"":4,""Q4->Q3"":4,""Q4->Q4"":5}",,limited
seven_topic_union,inclusive_global,entertainment_culture,high_loss_lift,near_bi_both,34453,56,17,,,,,,,,,,,"{""Q1->Q1"":3,""Q1->Q2"":1,""Q1->Q3"":1,""Q1->Q4"":0,""Q2->Q1"":3,""Q2->Q2"":0,""Q2->Q3"":0,""Q2->Q4"":1,""Q3->Q1"":0,""Q3->Q2"":1,""Q3->Q3"":1,""Q3->Q4"":2,""Q4->Q1"":0,""Q4->Q2"":1,""Q4->Q3"":2,""Q4->Q4"":1}",defined_count_17_below_reporting_min_30,insufficient
seven_topic_union,inclusive_global,entertainment_culture,adjusted_loss_corr,near_bi_both,34453,56,56,0.3069036226930964,0.19134335856351187,0.4,0.16666666666666666,0.5714285714285714,0.5714285714285714,0.2857142857142857,0.2857142857142857,0.14285714285714285,0.07142857142857142,"{""Q1->Q1"":4,""Q1->Q2"":6,""Q1->Q3"":3,""Q1->Q4"":1,""Q2->Q1"":4,""Q2->Q2"":3,""Q2->Q3"":5,""Q2->Q4"":2,""Q3->Q1"":4,""Q3->Q2"":3,""Q3->Q3"":4,""Q3->Q4"":3,""Q4->Q1"":2,""Q4->Q2"":2,""Q4->Q3"":2,""Q4->Q4"":8}",,limited
seven_topic_union,inclusive_global,entertainment_culture,adjusted_pog,eligible_both,34453,198,198,0.27754292149874127,0.24618316017443462,0.25,0.28205128205128205,0.4,0.4,0.44,0.44,0.06,0.12,"{""Q1->Q1"":22,""Q1->Q2"":10,""Q1->Q3"":12,""Q1->Q4"":6,""Q2->Q1"":12,""Q2->Q2"":13,""Q2->Q3"":11,""Q2->Q4"":13,""Q3->Q1"":13,""Q3->Q2"":13,""Q3->Q3"":12,""Q3->Q4"":11,""Q4->Q1"":3,""Q4->Q2"":13,""Q4->Q3"":14,""Q4->Q4"":20}",,headline
seven_topic_union,inclusive_global,entertainment_culture,high_loss_lift,eligible_both,34453,198,92,0.4787798990010391,0.25817453347944386,0.29411764705882354,0.37142857142857144,0.43478260869565216,0.47619047619047616,0.5652173913043478,0.52,0.0,0.0,"{""Q1->Q1"":13,""Q1->Q2"":2,""Q1->Q3"":8,""Q1->Q4"":0,""Q2->Q1"":9,""Q2->Q2"":5,""Q2->Q3"":6,""Q2->Q4"":3,""Q3->Q1"":3,""Q3->Q2"":8,""Q3->Q3"":4,""Q3->Q4"":8,""Q4->Q1"":0,""Q4->Q2"":4,""Q4->Q3"":9,""Q4->Q4"":10}",,limited
seven_topic_union,inclusive_global,entertainment_culture,adjusted_loss_corr,eligible_both,34453,198,198,0.09190468571128216,0.056363996258926796,0.17647058823529413,0.14942528735632185,0.3,0.3,0.26,0.26,0.2,0.22,"{""Q1->Q1"":13,""Q1->Q2"":9,""Q1->Q3"":17,""Q1->Q4"":11,""Q2->Q1"":15,""Q2->Q2"":16,""Q2->Q3"":8,""Q2->Q4"":10,""Q3->Q1"":12,""Q3->Q2"":15,""Q3->Q3"":8,""Q3->Q4"":14,""Q4->Q1"":10,""Q4->Q2"":9,""Q4->Q3"":16,""Q4->Q4"":15}",,headline
seven_topic_union,inclusive_global,finance_economics,adjusted_pog,near_bi_both,34453,1746,1746,0.8145561079010654,0.8266979913422667,0.5387323943661971,0.5017182130584192,0.700228832951945,0.700228832951945,0.6681922196796338,0.6681922196796338,0.0,0.016018306636155607,"{""Q1->Q1"":292,""Q1->Q2"":102,""Q1->Q3"":36,""Q1->Q4"":7,""Q2->Q1"":128,""Q2->Q2"":191,""Q2->Q3"":95,""Q2->Q4"":22,""Q3->Q1"":17,""Q3->Q2"":135,""Q3->Q3"":182,""Q3->Q4"":102,""Q4->Q1"":0,""Q4->Q2"":8,""Q4->Q3"":123,""Q4->Q4"":306}",,headline
seven_topic_union,inclusive_global,finance_economics,high_loss_lift,near_bi_both,34453,1746,1746,0.7523783084718227,0.8137765686746622,0.5747747747747748,0.47386172006745364,0.7299771167048055,0.7299771167048055,0.6430205949656751,0.6430205949656751,0.041189931350114416,0.011441647597254004,"{""Q1->Q1"":281,""Q1->Q2"":124,""Q1->Q3"":27,""Q1->Q4"":5,""Q2->Q1"":100,""Q2->Q2"":176,""Q2->Q3"":127,""Q2->Q4"":33,""Q3->Q1"":38,""Q3->Q2"":112,""Q3->Q3"":206,""Q3->Q4"":80,""Q4->Q1"":18,""Q4->Q2"":24,""Q4->Q3"":76,""Q4->Q4"":319}",,headline
seven_topic_union,inclusive_global,finance_economics,adjusted_loss_corr,near_bi_both,34453,1746,1746,0.7517679770625829,0.8249461645965754,0.52,0.4965753424657534,0.6842105263157895,0.6842105263157895,0.6636155606407322,0.6636155606407322,0.016018306636155607,0.018306636155606407,"{""Q1->Q1"":290,""Q1->Q2"":102,""Q1->Q3"":37,""Q1->Q4"":8,""Q2->Q1"":97,""Q2->Q2"":183,""Q2->Q3"":129,""Q2->Q4"":27,""Q3->Q1"":43,""Q3->Q2"":117,""Q3->Q3"":173,""Q3->Q4"":103,""Q4->Q1"":7,""Q4->Q2"":34,""Q4->Q3"":97,""Q4->Q4"":299}",,headline
seven_topic_union,inclusive_global,finance_economics,adjusted_pog,eligible_both,34453,11327,11327,0.7360056391232882,0.753995884048196,0.5083888149134488,0.4382935500253936,0.6740819209039548,0.6740819209039548,0.6094632768361582,0.6094632768361582,0.0,0.04519774011299435,"{""Q1->Q1"":1726,""Q1->Q2"":696,""Q1->Q3"":282,""Q1->Q4"":128,""Q2->Q1"":890,""Q2->Q2"":1018,""Q2->Q3"":671,""Q2->Q4"":253,""Q3->Q1"":216,""Q3->Q2"":981,""Q3->Q3"":1092,""Q3->Q4"":542,""Q4->Q1"":0,""Q4->Q2"":137,""Q4->Q3"":786,""Q4->Q4"":1909}",,headline
seven_topic_union,inclusive_global,finance_economics,high_loss_lift,eligible_both,34453,11327,11327,0.7257960619896022,0.8394419680895312,0.5526315789473685,0.47384855581576896,0.711864406779661,0.711864406779661,0.6430084745762712,0.6430084745762712,0.03919491525423729,0.01942090395480226,"{""Q1->Q1"":1821,""Q1->Q2"":684,""Q1->Q3"":272,""Q1->Q4"":55,""Q2->Q1"":603,""Q2->Q2"":1257,""Q2->Q3"":821,""Q2->Q4"":151,""Q3->Q1"":297,""Q3->Q2"":721,""Q3->Q3"":1203,""Q3->Q4"":610,""Q4->Q1"":111,""Q4->Q2"":170,""Q4->Q3"":535,""Q4->Q4"":2016}",,headline
seven_topic_union,inclusive_global,finance_economics,adjusted_loss_corr,eligible_both,34453,11327,11327,0.7313682925644002,0.7991082481143162,0.4913112164296998,0.47193347193347196,0.6588983050847458,0.6588983050847458,0.6412429378531074,0.6412429378531074,0.012358757062146893,0.02577683615819209,"{""Q1->Q1"":1816,""Q1->Q2"":668,""Q1->Q3"":275,""Q1->Q4"":73,""Q2->Q1"":724,""Q2->Q2"":1128,""Q2->Q3"":742,""Q2->Q4"":238,""Q3->Q1"":257,""Q3->Q2"":776,""Q3->Q3"":1143,""Q3->Q4"":655,""Q4->Q1"":35,""Q4->Q2"":260,""Q4->Q3"":671,""Q4->Q4"":1866}",,headline
seven_topic_union,inclusive_global,health_science,adjusted_pog,near_bi_both,34453,1483,1483,0.4390693905959656,0.39218003584575106,0.2864583333333333,0.27491408934707906,0.444743935309973,0.44594594594594594,0.431266846361186,0.431266846361186,0.07277628032345014,0.0891891891891892,"{""Q1->Q1"":160,""Q1->Q2"":121,""Q1->Q3"":57,""Q1->Q4"":33,""Q2->Q1"":113,""Q2->Q2"":97,""Q2->Q3"":83,""Q2->Q4"":78,""Q3->Q1"":71,""Q3->Q2"":91,""Q3->Q3"":114,""Q3->Q4"":94,""Q4->Q1"":27,""Q4->Q2"":61,""Q4->Q3"":118,""Q4->Q4"":165}",,headline
seven_topic_union,inclusive_global,health_science,high_loss_lift,near_bi_both,34453,1483,298,0.32559791041047675,0.2533402117256031,0.28448275862068967,0.25443786982248523,0.44594594594594594,0.44,0.5733333333333334,0.31386861313868614,0.2972972972972973,0.12,"{""Q1->Q1"":43,""Q1->Q2"":3,""Q1->Q3"":20,""Q1->Q4"":9,""Q2->Q1"":36,""Q2->Q2"":7,""Q2->Q3"":23,""Q2->Q4"":8,""Q3->Q1"":36,""Q3->Q2"":2,""Q3->Q3"":12,""Q3->Q4"":25,""Q4->Q1"":22,""Q4->Q2"":0,""Q4->Q3"":19,""Q4->Q4"":33}",,headline
seven_topic_union,inclusive_global,health_science,adjusted_loss_corr,near_bi_both,34453,1483,1483,0.1679145436946242,0.1928186201507061,0.228099173553719,0.17034700315457413,0.3719676549865229,0.3709677419354839,0.29110512129380056,0.29110512129380056,0.16442048517520216,0.23118279569892472,"{""Q1->Q1"":108,""Q1->Q2"":93,""Q1->Q3"":84,""Q1->Q4"":86,""Q2->Q1"":111,""Q2->Q2"":101,""Q2->Q3"":94,""Q2->Q4"":65,""Q3->Q1"":91,""Q3->Q2"":92,""Q3->Q3"":104,""Q3->Q4"":83,""Q4->Q1"":61,""Q4->Q2"":85,""Q4->Q3"":87,""Q4->Q4"":138}",,headline
seven_topic_union,inclusive_global,health_science,adjusted_pog,eligible_both,34453,11327,11327,0.32964549123084247,0.3343203920041968,0.24867724867724866,0.2553191489361702,0.3983050847457627,0.3983050847457627,0.4067796610169492,0.4067796610169492,0.10663841807909605,0.16137005649717515,"{""Q1->Q1"":1152,""Q1->Q2"":737,""Q1->Q3"":486,""Q1->Q4"":457,""Q2->Q1"":842,""Q2->Q2"":868,""Q2->Q3"":634,""Q2->Q4"":488,""Q3->Q1"":536,""Q3->Q2"":737,""Q3->Q3"":799,""Q3->Q4"":759,""Q4->Q1"":302,""Q4->Q2"":490,""Q4->Q3"":912,""Q4->Q4"":1128}",,headline
seven_topic_union,inclusive_global,health_science,high_loss_lift,eligible_both,34453,11327,3548,0.11691532549673563,0.30409277499175613,0.29708029197080293,0.16844349680170576,0.4588500563697858,0.45730337078651684,0.35625704622322435,0.2421455938697318,0.4644870349492672,0.1303370786516854,"{""Q1->Q1"":316,""Q1->Q2"":152,""Q1->Q3"":303,""Q1->Q4"":116,""Q2->Q1"":228,""Q2->Q2"":154,""Q2->Q3"":348,""Q2->Q4"":157,""Q3->Q1"":349,""Q3->Q2"":119,""Q3->Q3"":209,""Q3->Q4"":210,""Q4->Q1"":412,""Q4->Q2"":27,""Q4->Q3"":41,""Q4->Q4"":407}",,headline
seven_topic_union,inclusive_global,health_science,adjusted_loss_corr,eligible_both,34453,11327,11327,0.2835219767075872,0.3120483142775404,0.25448504983388703,0.22783438109690007,0.4057203389830508,0.4057203389830508,0.3711158192090395,0.3711158192090395,0.1059322033898305,0.1730225988700565,"{""Q1->Q1"":1051,""Q1->Q2"":772,""Q1->Q3"":519,""Q1->Q4"":490,""Q2->Q1"":850,""Q2->Q2"":735,""Q2->Q3"":686,""Q2->Q4"":561,""Q3->Q1"":631,""Q3->Q2"":761,""Q3->Q3"":807,""Q3->Q4"":632,""Q4->Q1"":300,""Q4->Q2"":564,""Q4->Q3"":819,""Q4->Q4"":1149}",,headline
seven_topic_union,inclusive_global,politics_conflict,adjusted_pog,near_bi_both,34453,2125,2125,0.6604064321707006,0.684620194447721,0.4197860962566845,0.39816031537450725,0.591337099811676,0.591337099811676,0.5695488721804511,0.5695488721804511,0.02071563088512241,0.03766478342749529,"{""Q1->Q1"":303,""Q1->Q2"":123,""Q1->Q3"":86,""Q1->Q4"":20,""Q2->Q1"":171,""Q2->Q2"":206,""Q2->Q3"":105,""Q2->Q4"":49,""Q3->Q1"":47,""Q3->Q2"":142,""Q3->Q3"":194,""Q3->Q4"":148,""Q4->Q1"":11,""Q4->Q2"":60,""Q4->Q3"":146,""Q4->Q4"":314}",,headline
seven_topic_union,inclusive_global,politics_conflict,high_loss_lift,near_bi_both,34453,2125,2125,0.5900414805643169,0.6648061814857277,0.4628099173553719,0.33500627352572143,0.632768361581921,0.632768361581921,0.5018796992481203,0.5018796992481203,0.03389830508474576,0.064030131826742,"{""Q1->Q1"":267,""Q1->Q2"":141,""Q1->Q3"":90,""Q1->Q4"":34,""Q2->Q1"":185,""Q2->Q2"":165,""Q2->Q3"":132,""Q2->Q4"":49,""Q3->Q1"":62,""Q3->Q2"":176,""Q3->Q3"":181,""Q3->Q4"":112,""Q4->Q1"":18,""Q4->Q2"":49,""Q4->Q3"":128,""Q4->Q4"":336}",,headline
seven_topic_union,inclusive_global,politics_conflict,adjusted_loss_corr,near_bi_both,34453,2125,2125,0.619618382830153,0.7110653415412014,0.4274193548387097,0.35887611749680715,0.5988700564971752,0.5988700564971752,0.5281954887218046,0.5281954887218046,0.018832391713747645,0.04896421845574388,"{""Q1->Q1"":281,""Q1->Q2"":137,""Q1->Q3"":88,""Q1->Q4"":26,""Q2->Q1"":169,""Q2->Q2"":180,""Q2->Q3"":119,""Q2->Q4"":63,""Q3->Q1"":72,""Q3->Q2"":153,""Q3->Q3"":182,""Q3->Q4"":124,""Q4->Q1"":10,""Q4->Q2"":61,""Q4->Q3"":142,""Q4->Q4"":318}",,headline
seven_topic_union,inclusive_global,politics_conflict,adjusted_pog,eligible_both,34453,11327,11327,0.5216613516913021,0.5241590643240213,0.3295774647887324,0.3453681710213777,0.4957627118644068,0.4957627118644068,0.5134180790960452,0.5134180790960452,0.037076271186440676,0.09074858757062147,"{""Q1->Q1"":1454,""Q1->Q2"":671,""Q1->Q3"":450,""Q1->Q4"":257,""Q2->Q1"":874,""Q2->Q2"":967,""Q2->Q3"":609,""Q2->Q4"":382,""Q3->Q1"":399,""Q3->Q2"":736,""Q3->Q3"":907,""Q3->Q4"":789,""Q4->Q1"":105,""Q4->Q2"":458,""Q4->Q3"":865,""Q4->Q4"":1404}",,headline
seven_topic_union,inclusive_global,politics_conflict,high_loss_lift,eligible_both,34453,11327,11327,0.5935156433482882,0.7060161501983507,0.4324734446130501,0.34059171597633137,0.6038135593220338,0.6038135593220338,0.5081214689265536,0.5081214689265536,0.05508474576271186,0.0625,"{""Q1->Q1"":1439,""Q1->Q2"":738,""Q1->Q3"":478,""Q1->Q4"":177,""Q2->Q1"":809,""Q2->Q2"":1145,""Q2->Q3"":599,""Q2->Q4"":279,""Q3->Q1"":428,""Q3->Q2"":769,""Q3->Q3"":968,""Q3->Q4"":666,""Q4->Q1"":156,""Q4->Q2"":180,""Q4->Q3"":786,""Q4->Q4"":1710}",,headline
seven_topic_union,inclusive_global,politics_conflict,adjusted_loss_corr,eligible_both,34453,11327,11327,0.6085769050072403,0.6881948544465306,0.44452945677123185,0.3308270676691729,0.6154661016949152,0.6154661016949152,0.4971751412429379,0.4971751412429379,0.02824858757062147,0.06179378531073446,"{""Q1->Q1"":1408,""Q1->Q2"":843,""Q1->Q3"":406,""Q1->Q4"":175,""Q2->Q1"":870,""Q2->Q2"":978,""Q2->Q3"":681,""Q2->Q4"":303,""Q3->Q1"":474,""Q3->Q2"":729,""Q3->Q3"":1017,""Q3->Q4"":611,""Q4->Q1"":80,""Q4->Q2"":282,""Q4->Q3"":727,""Q4->Q4"":1743}",,headline
seven_topic_union,inclusive_global,sports,adjusted_pog,near_bi_both,34453,1084,1084,0.5197734119260011,0.5677490997133079,0.4151436031331593,0.2997601918465228,0.5867158671586716,0.5867158671586716,0.4612546125461255,0.4612546125461255,0.05166051660516605,0.03690036900369004,"{""Q1->Q1"":125,""Q1->Q2"":88,""Q1->Q3"":48,""Q1->Q4"":10,""Q2->Q1"":66,""Q2->Q2"":71,""Q2->Q3"":88,""Q2->Q4"":46,""Q3->Q1"":66,""Q3->Q2"":67,""Q3->Q3"":82,""Q3->Q4"":56,""Q4->Q1"":14,""Q4->Q2"":45,""Q4->Q3"":53,""Q4->Q4"":159}",,headline
seven_topic_union,inclusive_global,sports,high_loss_lift,near_bi_both,34453,1084,1084,0.49849955629259995,0.5399925211970987,0.39690721649484534,0.2935560859188544,0.5682656826568265,0.5682656826568265,0.45387453874538747,0.45387453874538747,0.13653136531365315,0.04059040590405904,"{""Q1->Q1"":123,""Q1->Q2"":87,""Q1->Q3"":50,""Q1->Q4"":11,""Q2->Q1"":63,""Q2->Q2"":98,""Q2->Q3"":74,""Q2->Q4"":36,""Q3->Q1"":48,""Q3->Q2"":61,""Q3->Q3"":92,""Q3->Q4"":70,""Q4->Q1"":37,""Q4->Q2"":25,""Q4->Q3"":55,""Q4->Q4"":154}",,headline
seven_topic_union,inclusive_global,sports,adjusted_loss_corr,near_bi_both,34453,1084,1084,0.5766445273705089,0.6928811249151043,0.4114583333333333,0.3721518987341772,0.5830258302583026,0.5830258302583026,0.5424354243542435,0.5424354243542435,0.04797047970479705,0.055350553505535055,"{""Q1->Q1"":147,""Q1->Q2"":60,""Q1->Q3"":49,""Q1->Q4"":15,""Q2->Q1"":70,""Q2->Q2"":86,""Q2->Q3"":81,""Q2->Q4"":34,""Q3->Q1"":41,""Q3->Q2"":88,""Q3->Q3"":78,""Q3->Q4"":64,""Q4->Q1"":13,""Q4->Q2"":37,""Q4->Q3"":63,""Q4->Q4"":158}",,headline
seven_topic_union,inclusive_global,sports,adjusted_pog,eligible_both,34453,11327,11327,0.44591885553378824,0.47111217429710195,0.2946285714285714,0.3193570929419986,0.4551553672316384,0.4551553672316384,0.4841101694915254,0.4841101694915254,0.08862994350282485,0.07344632768361582,"{""Q1->Q1"":1371,""Q1->Q2"":795,""Q1->Q3"":458,""Q1->Q4"":208,""Q2->Q1"":676,""Q2->Q2"":738,""Q2->Q3"":870,""Q2->Q4"":548,""Q3->Q1"":534,""Q3->Q2"":739,""Q3->Q3"":771,""Q3->Q4"":787,""Q4->Q1"":251,""Q4->Q2"":559,""Q4->Q3"":733,""Q4->Q4"":1289}",,headline
seven_topic_union,inclusive_global,sports,high_loss_lift,eligible_both,34453,11327,11327,0.5124808170859559,0.479121967621431,0.3526039178213091,0.34760885082084225,0.5211864406779662,0.5215547703180212,0.5158898305084746,0.5158898305084746,0.1048728813559322,0.07879858657243816,"{""Q1->Q1"":1461,""Q1->Q2"":808,""Q1->Q3"":340,""Q1->Q4"":223,""Q2->Q1"":671,""Q2->Q2"":899,""Q2->Q3"":850,""Q2->Q4"":412,""Q3->Q1"":403,""Q3->Q2"":790,""Q3->Q3"":919,""Q3->Q4"":719,""Q4->Q1"":297,""Q4->Q2"":332,""Q4->Q3"":727,""Q4->Q4"":1476}",,headline
seven_topic_union,inclusive_global,sports,adjusted_loss_corr,eligible_both,34453,11327,11327,0.591210288135522,0.6663288594244927,0.38011695906432746,0.38078985860555825,0.5508474576271186,0.5508474576271186,0.5515536723163842,0.5515536723163842,0.04519774011299435,0.06567796610169492,"{""Q1->Q1"":1562,""Q1->Q2"":704,""Q1->Q3"":380,""Q1->Q4"":186,""Q2->Q1"":745,""Q2->Q2"":933,""Q2->Q3"":773,""Q2->Q4"":381,""Q3->Q1"":397,""Q3->Q2"":839,""Q3->Q3"":890,""Q3->Q4"":705,""Q4->Q1"":128,""Q4->Q2"":356,""Q4->Q3"":788,""Q4->Q4"":1560}",,headline
seven_topic_union,inclusive_global,technology_ai,adjusted_pog,near_bi_both,34453,202,202,0.2985023669634076,0.27179031466357956,0.2,0.3076923076923077,0.3333333333333333,0.3333333333333333,0.47058823529411764,0.47058823529411764,0.1568627450980392,0.1568627450980392,"{""Q1->Q1"":24,""Q1->Q2"":10,""Q1->Q3"":9,""Q1->Q4"":8,""Q2->Q1"":12,""Q2->Q2"":15,""Q2->Q3"":13,""Q2->Q4"":10,""Q3->Q1"":7,""Q3->Q2"":10,""Q3->Q3"":17,""Q3->Q4"":16,""Q4->Q1"":8,""Q4->Q2"":15,""Q4->Q3"":11,""Q4->Q4"":17}",,headline
seven_topic_union,inclusive_global,technology_ai,high_loss_lift,near_bi_both,34453,202,144,0.09854034825373159,0.056047284201171645,0.11940298507462686,0.2413793103448276,0.2222222222222222,0.20512820512820512,0.3888888888888889,0.3888888888888889,0.1111111111111111,0.28205128205128205,"{""Q1->Q1"":14,""Q1->Q2"":1,""Q1->Q3"":10,""Q1->Q4"":11,""Q2->Q1"":13,""Q2->Q2"":9,""Q2->Q3"":4,""Q2->Q4"":10,""Q3->Q1"":5,""Q3->Q2"":13,""Q3->Q3"":8,""Q3->Q4"":10,""Q4->Q1"":4,""Q4->Q2"":14,""Q4->Q3"":10,""Q4->Q4"":8}",,headline
seven_topic_union,inclusive_global,technology_ai,adjusted_loss_corr,near_bi_both,34453,202,202,0.09965123414775122,0.1125971902427034,0.13333333333333333,0.24390243902439024,0.23529411764705882,0.23529411764705882,0.39215686274509803,0.39215686274509803,0.1568627450980392,0.27450980392156865,"{""Q1->Q1"":20,""Q1->Q2"":7,""Q1->Q3"":10,""Q1->Q4"":14,""Q2->Q1"":14,""Q2->Q2"":13,""Q2->Q3"":9,""Q2->Q4"":14,""Q3->Q1"":9,""Q3->Q2"":15,""Q3->Q3"":15,""Q3->Q4"":11,""Q4->Q1"":8,""Q4->Q2"":15,""Q4->Q3"":16,""Q4->Q4"":12}",,headline
seven_topic_union,inclusive_global,technology_ai,adjusted_pog,eligible_both,34453,1258,1258,0.1980438801843066,0.19850253380276134,0.21153846153846154,0.19318181818181818,0.3492063492063492,0.3492063492063492,0.3238095238095238,0.3238095238095238,0.13015873015873017,0.20634920634920634,"{""Q1->Q1"":102,""Q1->Q2"":78,""Q1->Q3"":70,""Q1->Q4"":65,""Q2->Q1"":103,""Q2->Q2"":72,""Q2->Q3"":74,""Q2->Q4"":65,""Q3->Q1"":69,""Q3->Q2"":88,""Q3->Q3"":82,""Q3->Q4"":75,""Q4->Q1"":41,""Q4->Q2"":76,""Q4->Q3"":88,""Q4->Q4"":110}",,headline
seven_topic_union,inclusive_global,technology_ai,high_loss_lift,eligible_both,34453,1258,928,0.17419395325067813,0.05035323830350769,0.19896640826873385,0.19,0.33189655172413796,0.33189655172413796,0.3275862068965517,0.3114754098360656,0.20689655172413793,0.25862068965517243,"{""Q1->Q1"":76,""Q1->Q2"":62,""Q1->Q3"":34,""Q1->Q4"":60,""Q2->Q1"":65,""Q2->Q2"":82,""Q2->Q3"":35,""Q2->Q4"":50,""Q3->Q1"":55,""Q3->Q2"":47,""Q3->Q3"":85,""Q3->Q4"":45,""Q4->Q1"":48,""Q4->Q2"":30,""Q4->Q3"":77,""Q4->Q4"":77}",,headline
seven_topic_union,inclusive_global,technology_ai,adjusted_loss_corr,eligible_both,34453,1258,1258,0.2059597268754819,0.1425019674833799,0.22330097087378642,0.2092130518234165,0.36507936507936506,0.36507936507936506,0.346031746031746,0.346031746031746,0.20317460317460317,0.10476190476190476,"{""Q1->Q1"":109,""Q1->Q2"":101,""Q1->Q3"":72,""Q1->Q4"":33,""Q2->Q1"":73,""Q2->Q2"":80,""Q2->Q3"":87,""Q2->Q4"":74,""Q3->Q1"":69,""Q3->Q2"":65,""Q3->Q3"":87,""Q3->Q4"":93,""Q4->Q1"":64,""Q4->Q2"":68,""Q4->Q3"":68,""Q4->Q4"":115}",,headline
